lat,lng,mndwi
7.168061893867516,79.93609148396935,-0.3209597
7.160605877009323,79.90393179679788,-0.4529767
7.228338849431935,79.97579701952743,-0.50783515
6.536815743716728,80.00059052136913,-0.48800984
7.143627718139465,79.91426242256524,-0.5214329
6.926504913967777,79.95342896895286,-0.3682026
7.044633373829494,79.86377710359773,-0.5144914
6.636528740253995,79.97310207367508,-0.51922655
7.083260931046633,79.8514701842053,-0.40219194
6.9327032894282015,79.94884756100384,-0.47826087
6.873863638318372,79.87267042491051,-0.22534145
6.876917910284379,79.93151007602034,-0.44878325
6.413836381320765,80.0657183794678,-0.36167642
6.683151303499798,80.06616753710986,-0.5248869
6.981122483242244,79.87428739242193,0.32813218
6.990015804555027,79.87302975102416,-0.50934
6.900184276143074,79.91363360186637,-0.13987838
7.23175244751159,79.93402535881587,-0.57712877
7.076523566415736,80.03059425185873,-0.37495542
7.088022002052466,79.84967355363706,-0.4042383
7.007982110237417,79.90456061749676,-0.5012366
7.041938427977135,79.86638221792168,-0.46361446
6.805771339782113,79.87195177268322,-0.47437358
7.072481147637198,79.8778806535584,-0.28761816
7.171295828890346,79.92737782571339,-0.44698706
6.8605685721134035,79.8996198834341,0.03019253
6.536636080659904,79.9943921459087,-0.40985733
6.832630966777287,79.93007277156575,-0.39630833
7.226182892750049,79.9183946728722,-0.42960662
6.798944143622804,79.95414762118016,-0.41747904
6.683959787255506,79.93456434798635,-0.3226709
6.923720136587006,79.89396049714415,-0.45256743
7.053347032085453,80.00364479333514,-0.38819546
7.197436803658224,79.91048949837194,-0.6
6.6476678497770765,79.95028486545844,-0.51079136
7.0528080429149815,79.8605431685749,-0.21269968
7.0161567793229045,79.87204160421163,-0.27877054
7.087483012881995,79.87895863189935,-0.42631578
6.903418211165905,79.88803161626896,-0.33139157
7.213426815715551,79.95890869218599,-0.4256966
6.924798114927949,79.95414762118016,-0.42214683
6.895962194307713,79.9664545405726,-0.427942
7.1367106904517446,79.88345020831994,-0.48322567
7.009868572334068,79.89162487740543,-0.3938541
6.859580425300872,79.89279268727479,-0.4535608
6.500793300823535,80.18357734474428,-0.47932503
6.425873806127967,80.03589431203503,-0.41703537
7.079488006853331,79.90590809042294,-0.37114388
7.195191015447925,79.90824371016164,-0.4759484
7.13051231499132,79.91641837924713,-0.49555707
6.7531300641327086,79.94983570781638,-0.48485392
6.684858102539625,80.0423621820807,-0.5082644
7.019570377402559,79.87096362587069,-0.3928934
7.230404974585411,79.96932914948178,-0.31919092
6.470430244220295,80.0950034577301,-0.5783133
7.195730004618397,79.90833354169006,-0.46632567
6.910874228024097,79.98846326503352,-0.43583813
7.101856057427907,80.01056182102286,-0.50772023
6.881858644347036,79.933396538117,-0.40628165
7.065384456892654,79.9552255995211,-0.5168177
7.017144926135436,79.87123312045593,-0.30048117
6.630510027850394,79.989002254204,-0.4671608
7.218277718249797,79.94552379445261,-0.45260108
7.041579101863487,79.88434852360407,-0.012153611
6.91886923405276,79.89315201338844,-0.36414883
6.904316526450025,79.9161488846619,-0.41210747
6.96441381895762,79.88282138762106,-0.5286086
7.206060630385771,79.90114701941711,-0.5084883
6.546517548785219,79.9846005093118,-0.16679478
6.815383313322192,79.9439966584696,-0.5322196
7.221691316329451,79.99178703158476,-0.49104616
6.7111787403643275,80.00220748888054,-0.4748216
7.079937164495391,79.90608775347977,-0.44281843
7.052628379858157,79.88946892072354,-0.42295083
6.901082591427194,79.92773715182705,-0.2234614
7.168061893867516,79.93618131549776,-0.3693102
6.900633433785134,79.96573588834529,-0.42995173
6.685756417823745,79.92674900501451,-0.2819876
7.228967670130819,79.92279641776439,-0.4914664
7.075265925017969,80.02861795823367,-0.35270903
6.8643414963067055,79.8650347449955,-0.23973978
7.064935299250594,79.97418005201602,-0.44884863
6.875390774301375,79.92971344545211,-0.34068173
6.904765684092084,79.96393925777706,-0.2933231
7.008341436351065,79.87446705547876,-0.35439324
6.953544204019774,79.86746019626263,-0.40446225
6.888685840506344,79.88443835513247,-0.46500716
7.211540353618901,79.89485881242827,-0.57348245
6.626287946015032,79.98792427586305,-0.54142374
6.875750100415023,80.04604527474558,-0.43906847
7.223218452312454,79.84392433581868,-0.5510204
6.853382049840447,79.89710460063857,-0.45974025
7.094849198211775,80.03508582827932,-0.49303406
7.229596490829703,79.93761861995236,-0.48148146
6.906023325489851,79.93249822283288,-0.40519878
6.875570437358199,79.93303721200334,-0.4885965
6.517412133579747,80.17657048552815,-0.53065777
7.203904673703884,79.88704346945643,-0.60147107
6.915904793615166,79.90456061749676,-0.5022188
7.113354493064636,79.86458558735345,-0.029299384
7.1080544328883315,79.88030610482554,-0.4
6.890392639546172,79.95253065366875,-0.48096347
6.638505033879058,79.98720562363576,-0.31707314
6.899555455444191,79.97912078607868,-0.3432836
7.20830641859607,79.89198420351909,-0.5298308
6.809993421617475,79.95037469698686,-0.4509387
7.230494806113822,79.9702274647659,-0.4961759
6.970791857474869,79.89467914937144,-0.33545545
6.962796851446205,79.88273155609265,-0.5486858
7.225015082880693,79.9161488846619,-0.6042553
6.491001664226633,80.01729918565375,-0.59028786
6.413926212849177,80.07506085842265,-0.47479397
7.160785540066148,79.86988564752974,-0.2819628
6.677581748738257,80.02188059360277,-0.55622315
6.971869835815812,79.8988113996784,-0.3891059
6.9943277179188,79.90249449234328,-0.45315984
7.021277176442386,79.88901976308149,-0.32749414
7.047867308852323,79.88183324080853,-0.3844054
6.783852446849596,80.14153618944749,-0.48379353
7.216840413795206,79.90393179679788,-0.4526546
6.5193884272048095,80.0010396790112,-0.41921204
6.938093181132918,79.88327054526313,-0.30446735
7.216660750738382,79.94785941419131,-0.38946527
6.883116285744803,79.93204906519081,-0.4421286
6.994597212504036,79.89638594841126,-0.39185363
6.895782531250889,79.88371970290518,-0.24610856
6.67219185703354,80.06967096671792,-0.49058974
7.096555997251602,79.88991807836561,-0.47425056
6.900543602256723,79.9274676572418,-0.44648457
7.1273682114969015,79.90545893278087,-0.28272346
7.051999559159274,79.89144521434861,-0.5903049
7.213875973357611,79.95801037690187,-0.47627544
6.984086923679838,79.88327054526313,-0.32707137
6.932433794842965,79.9116573082413,-0.4521123
6.678569895550789,80.01873649010835,-0.42881107
6.812239209827773,79.87033480517181,-0.44304708
7.049574107892151,79.88255189303582,-0.53424156
6.686295406994216,80.00993300032398,-0.45955476
6.685217428653273,80.04254184513752,-0.44063514
6.813227356640304,79.86997547905816,-0.37843394
6.433060328400924,80.08619996794573,-0.41080326
6.9058436624330275,79.9214489448382,-0.44055942
6.9289303652348995,79.90204533470123,-0.23658304
6.773342158025398,79.95765105078823,-0.45925066
6.892548596228059,79.89647577993968,-0.47252747
7.218457381306621,79.90689623723547,-0.54418606
6.788433854798606,79.96214262720882,-0.4526005
7.189980786800032,79.83512084603431,0.64705884
7.038075672255421,79.96007650205534,-0.41168955
7.03160780220976,79.86844834307516,-0.5164085
6.794991556372678,79.95935784982805,-0.40428436
6.902969053523845,79.90222499775805,-0.2014652
6.909526755097917,79.8724907618537,-0.45764518
7.0359197155735345,79.87815014814365,-0.44234502
6.818886742930258,79.95271031672556,-0.47826087
7.101317068257435,80.03355869229632,-0.46978557
7.001424408663344,79.90393179679788,-0.22258666
7.183153590640724,79.86916699530245,-0.518125
7.063138668682355,79.96591555140212,-0.5536965
6.797506839168213,79.94139154414566,-0.3924051
6.421382229707369,80.07245574409869,-0.29212984
6.949322122184412,79.88803161626896,-0.2416165
7.226542218863696,79.91938281968473,-0.501355
7.023343301595861,79.88282138762106,-0.5021653
6.893896069154238,79.89620628535445,-0.4029851
6.9209353592062355,79.88677397487119,-0.28393725
6.8634431810225855,79.88955875225196,-0.5089286
6.828678379527161,79.92513203750309,-0.3868974
7.154766827662547,79.97094611699319,-0.3930275
6.850327777874441,79.89081639364973,-0.4757997
7.213157321130316,79.8394327593981,-0.382682
7.064486141608535,79.96780201349877,-0.48785317
6.901352086012429,79.88398919749042,-0.50134915
7.102754372712027,80.03652313273392,-0.41767767
7.229506659301291,79.92782698335546,-0.47975457
6.845836201453843,79.8972842636954,-0.47435328
6.626018451429797,79.97768348162408,-0.35853758
6.893806237625826,79.90168600858757,-0.3568793
7.012294023601191,79.88237222997901,-0.44151777
7.165187284958333,79.91668787383237,-0.37341478
6.871528018579662,79.8658432287512,-0.27768773
7.022894143953801,79.87455688700716,-0.4924955
6.880421339892445,79.89225369810433,-0.38112304
6.547326032540926,80.00023119525548,-0.5026385
6.62341333710585,79.98100724817533,-0.5246564
6.818976574458669,79.95271031672556,-0.45283023
6.900723265313546,79.88300105067789,-0.07566461
7.103742519524558,79.87832981120047,-0.408948
7.145514180236115,79.91803534675856,0.20020853
6.818257922231374,79.90842337321847,0.0065686293
6.9011724229556055,79.97948011219232,-0.37266842
7.031877296794996,79.86512457652391,-0.46404165
7.160156719367264,79.95738155620299,-0.5893254
7.11488162904764,79.92342523846327,-0.3890426
6.9049453471489075,79.88821127932579,-0.2810313
6.987770016344728,79.8883909423826,-0.26057082
6.954083193190246,79.86719070167739,-0.20247065
7.026667068147103,79.8891095946099,-0.31523022
7.023163638539037,79.88210273539377,-0.46476996
6.9091674289842695,79.98055809053326,-0.4051282
7.159707561725204,79.84060056926745,0.6013865
6.930996490388374,79.88345020831994,-0.36858845
6.820144384328025,79.90959118308783,-0.37399524
6.410243120184288,80.07829479344548,-0.46627194
7.010497393032952,79.87096362587069,-0.44380784
6.9058436624330275,79.92926428781004,-0.2628899
7.089010148864998,79.89135538282021,-0.5233627
6.78493042519054,79.96223245873723,-0.5016251
7.103113698825674,80.03625363814868,-0.37387526
7.195819836146809,79.90312331304217,-0.48939338
7.067360750517717,79.85641091826795,-0.37704918
7.050652086233094,79.96789184502718,-0.4631916
7.229596490829703,79.9296236139237,-0.23084779
6.860927898227051,79.93357620117382,-0.37546885
7.195640173089985,79.907884384048,-0.3812896
6.869282230369363,79.93052192920781,-0.49151367
6.682163156687267,80.03876892094422,-0.41722405
6.933781267769144,79.8980927474511,-0.3659593
6.99477687556086,79.89396049714415,-0.3829176
6.833978439703466,80.09060171283791,-0.5532269
6.693481929267173,80.00813636975573,-0.5625
7.030350160811993,79.86862800613197,-0.4811015
7.019839871987795,79.88273155609265,-0.17589778
7.0434655639601385,79.97409022048761,-0.4480712
6.401888788041976,80.077755804275,-0.5044892
6.5118425788182055,80.17818745303957,-0.48131415
6.816730786248371,79.90204533470123,-0.35758755
6.863083854908938,79.93303721200334,-0.49691358
6.933332110127084,79.90249449234328,-0.45918688
6.970971520531693,79.87015514211498,-0.45639735
7.039782471295248,79.97444954660126,-0.5149349
6.428838246565562,80.07793546733183,-0.44585985
6.681534335988383,80.01532289202869,-0.49664667
7.147490473861179,79.84293618900615,0.78563285
7.02558908980616,79.88901976308149,-0.29701835
7.218187886721385,79.90653691112182,-0.52251136
7.095298355853834,80.03463667063727,-0.49481684
7.0057363220271185,79.86844834307516,-0.490346
6.994237886390389,79.89297235033162,-0.30412206
7.136081869752861,79.91659804230396,-0.52027285
6.847812495078906,79.87752132744475,-0.38792875
7.190879102084152,79.91435225409366,-0.46847507
7.071582832353079,79.8778806535584,-0.27190542
6.805771339782113,79.8725805933821,-0.54322344
6.536546249131492,80.0004108583123,-0.44898683
6.813227356640304,79.9064470795934,-0.5189341
7.05505383112528,79.98208522651628,-0.37048665
6.84430906547084,79.89072656212132,-0.5034674
7.125122423286602,80.01307710381839,-0.5164257
7.167163578583396,79.93842710370807,-0.47874624
6.852753229141563,79.8973740952238,-0.50262994
6.798225491395509,79.87949762106982,-0.43996376
7.064306478551711,79.98819377044829,-0.45431525
7.0528080429149815,79.89234352963274,-0.45828104
7.222409968556747,79.98972090643129,-0.51773053
7.217289571437266,79.90590809042294,-0.45929945
7.0157076216808445,79.89036723600768,-0.06126126
6.800650942662632,79.88416886054725,-0.46712407
6.965671460355387,79.89396049714415,-0.48891786
6.86362284407941,79.86871783766038,-0.40870175
6.545529401972687,79.99070905324382,-0.30491194
7.159887224782028,79.95738155620299,-0.5882933
6.880151845307209,79.93088125532147,-0.44287953
6.81852741681661,79.91399292798002,-0.39604378
6.820234215856437,79.95486627340745,-0.48242468
7.01777374683432,79.86737036473421,-0.41783467
6.93539823528056,79.847697260012,0.2736573
6.403775250138627,80.07065911353045,-0.35536352
6.769569233832096,80.109376502276,-0.45938474
7.1306919780481435,79.9160590531335,-0.44734758
7.0458910152272605,79.96861049725447,-0.5275311
6.918959065581173,79.84940405905182,-0.17531382
7.054963999596868,79.87940778954142,-0.08535897
6.833529282061406,80.09383564786074,-0.48865408
6.435665442724869,80.03095357797237,-0.46817896
6.934589751524852,79.94821874030497,-0.46505123
6.846105696039079,79.89979954649093,-0.21908437
7.230764300699058,79.96923931795337,-0.40686464
7.014270317226254,79.8710534573991,-0.44634098
6.807927296463999,79.95100351768573,-0.48594376
6.794003409560147,79.96061549122582,-0.5147585
6.849159968005085,79.89090622517814,-0.4575872
7.161504192293443,79.9041114598547,-0.3559055
7.13374625001415,79.91552006396302,-0.6091205
6.910964059552509,79.98127674276057,-0.48532292
6.894614721381533,79.88389936596201,-0.24766353
6.864521159363529,79.86548390263756,-0.41759354
6.800650942662632,79.89602662229763,-0.48374122
7.019211051288911,79.87114328892751,-0.27619046
7.101856057427907,79.84868540682453,-0.39367884
6.627635418941211,79.98738528669257,-0.46153846
7.171385660418758,79.92791681488387,-0.37200737
6.904855515620496,79.88848077391101,0.047214862
6.934859246110088,79.98918191726082,-0.43835616
7.035290894874651,79.88560616500183,-0.42707324
6.799572964321688,79.87446705547876,-0.37640935
7.211540353618901,79.92423372221897,-0.42949492
7.214235299471259,79.89935038884886,-0.49819058
7.142819234383757,79.92378456457692,-0.5062931
7.131680124860675,80.04595544321717,-0.4320346
6.999627778095105,79.87141278351275,-0.39012888
6.89308758539853,79.96295111096453,-0.48701864
6.8436802447719565,79.88713330098484,-0.38012174
7.183333253697548,79.8756348653481,-0.51548845
7.17147549194717,79.92621001584403,-0.47515643
6.681803830573619,80.01523306050028,-0.4912308
6.43198235005998,80.03912824705786,-0.49307957
7.134554733769858,79.9102200037867,-0.4997999
6.879343361551501,79.93168973907717,-0.45922747
6.800650942662632,79.89629611688287,-0.4791137
7.126200401627546,79.9139030964516,-0.47750545
7.217379402965677,79.94606278362308,-0.42322487
6.992620918878973,79.89297235033162,-0.3424378
6.6363490771971705,79.98504966695387,-0.46138954
6.432162013116804,80.03292987159743,-0.42660776
6.412129582280938,80.07640833134882,-0.41632468
7.013012675828486,79.87069413128545,-0.48904505
7.076433734887324,79.9342050218727,-0.4669238
6.820863036555321,79.909411520031,-0.47079965
6.900094444614663,79.87985694718347,-0.4225408
6.815473144850603,79.95127301227097,-0.48121262
7.033494264306412,79.8875824586269,0.1160431
7.156204132117138,79.97687499786838,-0.5660435
6.845746369925432,79.87967728412664,-0.5070078
6.92345064200177,79.89000790989402,-0.2422179
7.020917850328738,79.87060429975703,-0.44929627
6.413027897565058,80.07461170078058,-0.515921
6.6734494984313075,80.06958113518951,-0.5161419
7.162492339105975,79.90491994361041,-0.3873518
7.214684457113319,79.95199166449827,-0.40775064
6.9041368633932,79.88973841530878,-0.51486325
6.92389979964383,79.95459677882222,-0.37925574
6.834966586515997,80.08952373449696,-0.44617134
6.683151303499798,79.93393552728746,-0.49726775
6.846105696039079,79.87877896884252,-0.38153064
6.796698355412506,79.87913829495618,-0.4783586
7.0519097276308615,79.88749262709848,-0.42713028
7.027295888845987,79.88371970290518,-0.44949126
7.109491737342923,79.880845093996,-0.39590117
7.064845467722183,79.98963107490287,-0.46536267
7.110929041797514,79.88515700735978,-0.35401708
6.707585479227849,80.0108313156081,-0.49236462
6.70992109896656,80.0093940111535,-0.4171988
6.994956538617684,79.87374840325145,-0.32469475
7.191597754311447,79.91219629741177,-0.529442
6.985793722719665,79.87428739242193,-0.37136358
7.20641995649942,79.88767229015531,-0.5055916
7.155665142946666,79.9777733131525,-0.5278298
6.96854606926457,79.89144521434861,-0.4434381
7.201479222436762,79.91192680282654,-0.53911656
7.13374625001415,80.01352626146046,-0.5068041
7.157371941986494,79.99115821088589,-0.5171788
7.133207260843678,79.84554130333011,0.4552737
7.173272122515409,79.83808528647191,0.58069885
7.193843542521746,79.89854190509315,-0.42564103
6.841883614203717,79.89647577993968,-0.48607013
6.678390232493965,80.10722054559412,-0.43431097
7.172104312646054,79.83835478105715,0.6721311
6.8181680907029625,79.90635724806499,-0.29968232
7.1641991381458014,79.95396795812333,-0.54397833
7.1966283199025165,79.90959118308783,-0.48766434
6.915096309859458,79.98504966695387,-0.6165523
7.031517970681349,79.86620255486486,-0.46599242
6.844668391584488,79.90572842736611,-0.4228776
7.1555753114182545,79.9875649497494,-0.517925
6.928750702178075,79.84652945014264,0.4700109
7.096915323365249,79.87877896884252,-0.44269565
6.8328106298341105,79.93276771741812,-0.42715457
6.938093181132918,79.86916699530245,-0.35245502
7.131680124860675,80.01289744076158,-0.4465291
7.102574709655203,79.87832981120047,-0.44188088
7.207767429425599,79.90051819871822,-0.4811951
6.916174288200402,79.88937908919513,-0.319053
6.895513036665653,79.96537656223165,-0.5046567
6.913479342348043,79.95971717594169,-0.46055532
6.843590413243544,79.88722313251326,-0.42567718
7.004478680629351,79.90204533470123,-0.31451914
6.681264841403147,80.01568221814235,-0.49447936
7.021905997141269,79.8664720494501,-0.23009282
6.85490918582345,79.89701476911016,-0.2428356
6.817090112362019,79.90321314457059,-0.28875935
6.877546730983262,79.91174713976972,-0.49512035
6.626557440600268,79.98783444433464,-0.4940429
6.850417609402853,79.89683510605333,-0.51163924
6.90458602103526,79.93025243462257,-0.46246594
6.7772947452755234,79.96007650205534,-0.4798995
6.906652146188735,80.05430977535949,-0.49690518
6.993788728748329,79.87060429975703,-0.37315392
7.195280846976337,79.90096735636028,-0.5152475
7.209564059993838,79.83781579188668,-0.54391646
6.819515563629142,79.9514526753278,-0.5140131
6.77846255514488,79.96079515428264,-0.5356628
6.636528740253995,79.98549882459592,-0.37727582
7.165097453429921,79.91578955854825,-0.46621042
6.428209425866678,80.0273603168359,-0.32592875
6.6221556957080825,79.98433101472658,0.3589404
7.141202266872342,79.84392433581868,0.629979
7.013461833470546,79.87285008796734,-0.46315143
6.961449378520026,79.88291121914948,-0.45896658
6.994956538617684,79.89602662229763,-0.38362464
7.08173379506363,79.90599792195135,-0.3708623
6.428928078093973,80.03068408338714,-0.39288712
7.160066887838852,79.86934665835928,-0.41238472
6.799123806679628,79.95459677882222,-0.3699541
7.014360148754665,79.89072656212132,-0.3105402
6.845836201453843,79.87725183285953,-0.39831266
6.904316526450025,79.92998294003733,-0.4434887
6.929110028291723,79.8846180181893,-0.29624477
6.91653361431405,79.90078769330346,-0.37271115
7.074457441262261,79.93285754894653,-0.39945823
6.909526755097917,79.96079515428264,-0.41193807
7.067091255932482,79.85641091826795,-0.3845782
6.935488066808972,79.86530423958074,-0.43444815
7.230674469170646,79.93636097855459,-0.43601257
6.925516767155245,79.9537882950665,-0.47076312
7.195730004618397,79.89791308439428,-0.40885985
6.903238548109081,79.9792106176071,-0.42236027
7.2301354800001745,79.93654064161142,-0.4503817
7.124583434116131,80.01882632163677,-0.42740566
7.045801183698849,79.86242963067156,-0.32880485
7.0316976337381725,79.86629238639327,-0.48102173
7.124852928701367,79.84697860778469,0.5171737
7.018312736004791,79.86674154403532,-0.33931434
6.878894203909442,79.85641091826795,-0.25029162
7.056401304051459,79.97337156826032,-0.40805393
6.90000461308625,79.91282511811066,-0.35487232
6.817179943890431,79.90752505793435,-0.48282266
7.166804252469748,79.83916326481285,0.5495208
6.718185599580459,80.0077770436421,-0.37837306
7.217109908380442,79.94597295209466,-0.47512007
6.887787525222225,79.89629611688287,-0.43527013
6.419226273025482,80.06958113518951,-0.3988338
7.1555753114182545,79.9822648895731,-0.49978217
6.891740112472351,79.88434852360407,-0.36458334
6.430006056434917,80.08368468515019,-0.5001093
6.8143951665096605,79.90240466081487,-0.36891493
7.053257200557041,80.00283630957944,-0.47262248
6.981571640884303,79.87428739242193,-0.28130394
6.914826815274223,79.98253438415833,-0.49335694
6.679737705420144,80.03445700758044,-0.5533981
6.436563758008989,80.08161855999671,-0.26135692
7.167253410111808,79.89970971496251,-0.38426137
6.433419654514571,80.03284004006903,-0.43842363
6.885990894653986,79.8950384754851,-0.35266605
6.877456899454851,79.91093865601401,-0.5181492
7.141741256042813,79.84347517817663,0.4438891
6.918509907939113,79.95836970301552,-0.37777773
6.890212976489348,79.90995050920148,-0.38476953
6.805052687554817,79.95181200144144,-0.47982064
6.9944175494472125,79.87051446822863,-0.25565082
6.859310930715636,79.8936011710305,-0.25925925
6.9642341559007965,79.89306218186003,-0.39936942
6.795620377071562,79.88255189303582,-0.43248054
6.632665984532281,79.98388185708451,-0.37829912
6.907730124529678,79.88749262709848,-0.29566097
7.0590064183754055,79.97732415551044,-0.5019938
7.008521099407889,79.88048576788235,-0.49596927
6.911323385666156,79.98136657428898,-0.4793492
6.790230485366845,79.8816535777517,-0.45046467
6.902969053523845,79.92854563558275,-0.41828713
6.439168872332936,80.08413384279226,-0.26700184
6.933691436240733,79.86153131538744,-0.40327144
7.229776153886527,79.93698979925347,-0.42775935
7.195280846976337,79.90096735636028,-0.5152475
7.056760630165107,79.98037842747645,-0.49591282
7.090986442490061,80.04667409544447,-0.41122514
7.20875557623813,79.89333167644527,-0.40629154
6.970342699832809,79.9004283671898,-0.44229597
7.173900943214292,79.89539780159873,-0.4449047
7.095927176552718,80.03373835535315,-0.4102239
6.923989631172241,79.84787692306881,-0.041246902
7.21657091920997,79.94758991960609,-0.49564576
6.852753229141563,79.87761115897317,-0.53000987
7.066192940648362,79.95423745270857,-0.38797048
6.918959065581173,79.90033853566139,0.2695109
6.8214918572542045,79.91974214579838,-0.4116545
6.767592940207033,79.95360863200969,-0.45126352
6.996483674600687,79.8702449736434,-0.48831776
7.227710028733052,79.84563113485852,-0.6074646
7.229776153886527,79.9281863094691,-0.43408626
6.677761411795081,80.02403655028465,-0.45689294
6.827869895771453,80.09715941441199,-0.5078424
6.833349619004582,79.93079142379305,-0.4186207
7.062509847983472,79.87779082203,-0.23334888
6.620538728196667,79.97974960677756,-0.48964375
6.9515679103947114,79.87455688700716,-0.31797543
7.095028861268599,79.97211392686255,-0.5280289
6.437372241764697,80.08197788611037,-0.24092802
6.694380244551292,80.0056210869602,-0.4604027
6.93081682733155,79.9176760206449,-0.50888026
7.122517308962656,79.84751759695517,0.55511224
6.688181869090867,79.93986440816265,-0.11787438
6.766964119508149,80.11063414367378,-0.43801653
6.683600461141857,79.92917445628163,-0.53270596
7.051640233045625,79.88120442010965,-0.52422214
6.406739690576221,80.07470153230899,-0.52037036
6.9171624350129335,79.90752505793435,-0.44321764
6.949411953712824,79.88848077391101,-0.35443038
7.050382591647859,79.97184443227731,-0.47749916
7.159168572554733,79.90204533470123,-0.47614762
7.19635882531728,79.88991807836561,-0.44558027
7.111917188610046,79.87078396281386,-0.43166918
6.879792519193561,79.91453191715048,-0.48813432
7.02010936657303,79.88946892072354,-0.28999034
7.1311411356902035,80.0311332410292,-0.5008738
7.0372671884997136,79.86575339722279,-0.44798654
7.2137861418292,79.95495610493586,-0.41841683
6.677941074851905,80.02556368626766,-0.52958584
7.064396310080123,79.96932914948178,-0.4170404
7.163390654390094,79.90779455251959,-0.43213725
6.899914781557839,79.88237222997901,-0.32357723
6.86317368643735,79.88964858378037,-0.46820003
7.008521099407889,79.87096362587069,-0.46664006
6.87925353002309,79.85820754883619,-0.18720931
6.695278559835412,80.00580075001703,-0.4014218
7.14479552800882,79.84293618900615,0.5596913
6.902609727410197,79.96483757306117,-0.522792
6.428838246565562,80.03050442033032,-0.41956395
6.833349619004582,79.93393552728746,-0.4736465
6.889943481904112,79.90923185697417,-0.4845277
6.901801243654489,79.88785195321213,-0.46142206
7.007263458010121,79.89333167644527,-0.2622577
6.552176935075172,79.98549882459592,-0.5364238
6.926325250910953,79.95342896895286,-0.20291439
6.88617055771081,79.89494864395668,-0.39328277
6.83739203778312,80.08422367432067,-0.38686964
7.09368138834242,79.84787692306881,-0.46992862
6.948423806900292,79.87904846342776,-0.44602853
6.896860509591832,79.9258506897304,-0.53967595
6.7799896911278825,79.96115448039629,-0.458457
6.956778139042604,79.86404659818297,-0.38056275
6.895872362779301,79.92567102667357,-0.18872549
7.022444986311741,79.86674154403532,-0.5020338
7.094400040569715,79.96977830712383,-0.48850122
6.922731989774475,79.8485057437677,-0.15397951
6.429377235736033,80.07928294025801,-0.44348285
6.8592210991872244,79.87725183285953,-0.4986541
6.885362073955102,79.88398919749042,-0.23495147
6.8714381870512495,79.86772969084785,-0.33728248
7.008970257049948,79.88057559941076,-0.47793683
6.914736983745811,79.90312331304217,-0.49463457
7.087662675938819,79.85012271127911,-0.4604154
6.789511833139549,79.96384942624864,-0.4318498
6.818707079873434,79.91273528658225,-0.5328934
7.15862958338426,79.90123685094552,-0.41086015
6.884194264085747,79.95908835524281,-0.44924155
7.128985179008317,79.92001164038362,-0.39429876
6.909436923569506,79.98936158031763,-0.4283531
6.8323614721920505,79.93142024449193,-0.4451724
7.099969595331256,79.88919942613832,-0.44227883
6.970522362889633,79.90123685094552,-0.25428376
6.846285359095903,79.89135538282021,-0.48842195
6.816012134021075,79.94184070178771,-0.49957907
7.163031328276446,79.90833354169006,-0.48082137
6.932343963314553,79.91093865601401,-0.41982436
6.873863638318372,80.04514695946146,-0.4977923
6.90548433631938,79.9214489448382,-0.5183505
6.913748836933279,79.9598070074701,-0.4880403
7.013731328055782,79.8906367305929,-0.35871887
7.040321460465719,79.96609521445895,-0.5559693
6.9502204374685315,79.88866043696784,-0.35213536
6.87925353002309,79.85847704342143,-0.27057928
6.833080124419346,79.89970971496251,-0.32786095
6.896321520421361,79.931869402134,-0.44672593
7.0312484760961125,79.86485508193867,-0.4355165
6.4481520251741316,79.98406152014134,-0.2463095
6.831193662322695,80.09599160454263,-0.4925373
6.551817608961524,79.98639713988004,-0.5297136
6.826791917430509,79.92297608082121,-0.44634315
7.195819836146809,79.9086030362753,-0.47429124
6.514896850784211,80.17719930622704,-0.55249095
7.186387525663554,79.8973740952238,-0.3821805
7.213606478772375,79.95854936607235,-0.47744212
6.890482471074583,80.04883005212635,-0.4617886
7.166085600242453,79.90132668247392,-0.4369973
6.887967188279049,79.95558492563475,-0.45723173
6.818707079873434,79.91273528658225,-0.5328934
6.620808222781903,79.98729545516417,0.7260677
7.0609827120004685,79.97498853577173,-0.29497716
6.916353951257226,79.89979954649093,-0.43247464
6.695817549005883,80.00687872835798,-0.56007063
6.931625311087258,79.91875399898585,-0.5063457
7.226991376505756,79.96681386668624,-0.5582052
6.921115022263059,79.88632481722914,-0.20378025
6.992351424293737,79.89243336116114,-0.32282546
7.134734396826682,79.88488751277454,-0.56966144
6.934410088468028,79.84787692306881,-0.18954249
6.68602591240898,80.0499978619957,-0.42316425
6.886709546881281,79.88300105067789,-0.402214
7.225643903579577,79.98711579210735,-0.6105215
7.143088728968993,79.8432955151198,0.47945204
7.090986442490061,80.04595544321717,-0.40147838
6.892548596228059,79.89342150797367,-0.45067266
7.194113037106982,79.8349411829775,0.63678694
6.798315322923921,79.94741025654926,-0.2875
6.933421941655497,79.86027367398967,-0.38271198
6.771815022042395,80.10883751310554,-0.46219638
6.932613457899789,79.91183697129813,-0.44610092
6.762831869201199,80.11162229048631,-0.46933666
7.032416285965468,79.86683137556373,-0.49509805
6.4039549131954505,80.076228668292,-0.55002075
7.251156057648571,79.84491248263122,-0.47118098
6.871168692466014,79.92944395086687,-0.33753943
7.052179222216098,79.8800366102403,-0.07413695
7.141471761457578,80.05538775370043,-0.4375857
6.9708816890032805,79.90599792195135,-0.4621195
6.890033313432524,79.885426501945,-0.5233829
6.909886081211565,79.91273528658225,-0.51038474
7.0783201969839755,79.90608775347977,-0.43715957
7.137698837264276,80.05053685116619,-0.40632424
6.434228138270279,80.03310953465426,-0.45341617
6.680636020704263,80.06742517850763,-0.45117715
7.117396911843175,79.84940405905182,0.51714283
6.846015864510667,79.90500977513882,-0.49561262
7.096376334194778,79.84832608071088,-0.48422715
6.7993034697364525,79.94345766929914,-0.54976445
6.79876448056598,79.95549509410634,-0.39902034
7.22528457746593,79.98504966695387,-0.4190344
6.5475955271261626,80.00211765735214,-0.48606813
7.1560244690603145,79.97435971507285,-0.4664457
7.228788007073995,79.92405405916215,-0.54155314
7.226452387335285,79.91830484134378,-0.5347308
6.403326092496567,80.07802529886024,-0.5292081
6.678210569437141,80.10740020865094,-0.49168444
6.910784396495685,79.91156747671289,-0.48868942
7.037806177670185,79.97498853577173,-0.51484394
7.032595949022292,79.86772969084785,-0.48806503
6.5580159844219486,79.98028859594804,-0.40875775
6.87880437238103,79.9281863094691,-0.2954357
6.821581688782616,79.86701103862056,-0.4880708
6.924977777984773,79.885426501945,-0.5409549
7.154856659190958,79.9943921459087,-0.2834507
7.141920919099638,79.8822823984506,-0.5216199
6.787894865628134,79.96384942624864,-0.37056467
6.981212314770655,79.88039593635395,0.4719764
6.966120617997447,79.8883011108542,-0.3662491
6.811430726072065,79.87392806630828,-0.38145614
6.710100762023384,80.00427361403402,-0.46808514
7.021905997141269,79.86781952237627,-0.51035863
6.667879943669766,80.07137776575776,-0.40859783
6.992980244992621,79.89270285574638,-0.24468084
6.989117489270907,79.87419756089352,-0.39673305
7.015977116266081,79.88291121914948,-0.40831047
6.892818090813294,79.89476898089985,-0.3973568
7.183602748282784,79.83592932979003,0.58398217
7.176865383651887,79.8988113996784,-0.46312293
7.13096147263338,80.02924677893255,-0.42972976
7.033853590420059,79.88776212168372,-0.20811039
7.165456779543569,79.9168675368892,-0.4046328
6.6960870435911195,80.00660923377274,-0.45891786
6.856076995692806,79.89683510605333,-0.39189833
6.893896069154238,79.92387439610533,0.076175034
6.682522482800914,80.01451440827299,-0.4666202
7.163480485918506,79.87231109879687,-0.48201087
6.431892518531567,80.03706212190438,-0.3939112
7.095747513495894,79.84787692306881,-0.3716148
7.168061893867516,79.936450810083,-0.39405033
6.907550461472854,79.9800191013628,-0.2975027
6.899735118501015,79.87770099050158,-0.24034998
6.891290954830291,79.90797421557642,-0.48694664
6.436743421065813,80.0319417247849,-0.3004763
6.696805695818415,80.0040041194488,-0.54545456
7.102754372712027,80.03652313273392,-0.41767767
6.54705653795569,79.99618877647696,-0.44252628
7.014360148754665,79.86907716377404,-0.454581
7.127727537610549,80.03885875247262,-0.372549
7.007083794953298,79.87087379434227,-0.40801013
6.796518692355682,79.88300105067789,-0.50878227
6.879343361551501,79.9612443119247,-0.5557607
6.892818090813294,79.96340026860659,-0.39023137
7.063048837153944,79.98882259114717,-0.43546438
6.7950813879010905,79.8740178978367,0.30983847
6.845656538397019,79.88021627329712,-0.5783133
7.175517910725707,79.83754629730144,0.5508274
6.7631013637864354,80.11189178507155,-0.49912125
6.804513698384345,79.95244082214033,-0.49255282
6.813137525111893,79.90671657417865,-0.48084834
7.120541015337593,79.87267042491051,-0.49601126
7.038884156011129,79.9717546007489,-0.5060398
7.184950221208963,79.8725805933821,-0.42013133
6.885092579369866,79.93240839130446,-0.4589342
7.193933374050158,79.88928925766673,-0.55344266
7.095028861268599,79.84796675459722,-0.35729384
7.164019475088978,79.91111831907084,-0.47990215
6.805412013668465,79.95190183296985,-0.47819793
7.1588990779694965,79.90051819871822,-0.4285714
7.120361352280769,79.87428739242193,-0.5212166
6.9238099681154175,79.89638594841126,-0.37093595
7.080925311307922,79.88300105067789,-0.4219852
7.22528457746593,79.98747511822098,-0.45141068
6.789781327724786,79.96340026860659,-0.39771548
6.99387856027674,79.89306218186003,-0.38100412
6.932523626371377,79.84841591223929,-0.21491736
6.915455635973106,79.89979954649093,-0.47639084
6.938362675718154,79.88371970290518,-0.37276787
7.158988909497909,79.90087752483187,-0.45462552
7.10293403576885,80.01388558757411,-0.53988063
6.798944143622804,79.94417632152643,-0.46416146
7.0410401126930156,79.9664545405726,-0.50769234
7.098622122405077,80.0499080304673,-0.43537945
6.778193060559643,79.96079515428264,-0.50088
6.807747633407176,79.91974214579838,-0.43723446
6.817808764589314,79.95163233838463,-0.44819358
6.890841797188231,79.89530797007033,0.055555552
7.185938368021494,79.89755375828062,-0.47293603
6.879163698494677,79.93573215785571,-0.44935805
7.229506659301291,79.93923558746377,-0.4063947
7.216391256153146,79.94758991960609,-0.48470545
7.12090034145124,79.99636843953377,-0.4165814
7.16321099133327,79.95477644187903,-0.44054294
7.095028861268599,80.03508582827932,-0.4772908
7.031967128323408,79.88821127932579,-0.16838491
7.227081208034169,79.94237969095819,-0.41799566
6.901441917540842,79.87581452840493,-0.32827005
7.131500461803851,80.04451813876258,-0.45515656
6.541756477779385,79.97534786188538,-0.5521783
7.094579703626539,79.847697260012,-0.39767697
6.972947814156756,79.8732992456094,-0.38374636
7.007982110237417,79.90429112291152,-0.4891438
7.230854132227471,79.9312405814351,-0.4682871
6.867395768272712,79.93357620117382,-0.39991978
7.011485539845483,79.8725805933821,-0.45105407
6.552176935075172,79.9867564659937,-0.5162874
7.163031328276446,79.95513576799269,-0.4736842
7.061521701170941,79.87806031661523,-0.1242271
7.065833614534714,79.96896982336813,-0.4520548
7.178931508805362,79.89800291592269,-0.4813328
7.15584480600349,80.0003210267839,-0.4357367
6.678210569437141,80.02619250696654,-0.43772474
6.685037765596449,80.04263167666593,-0.35768145
7.080206659080626,79.9056385958377,-0.47058827
7.184411232038491,79.86943648988769,-0.5807182
6.90000461308625,79.9018656716444,-0.024747947
6.634103288986872,79.98343269944245,-0.4766839
7.171205997361934,79.83817511800032,0.5550122
7.1575516050433174,79.84095989538109,0.63113993
7.090447453319589,80.04604527474558,-0.4702961
6.820054552799613,79.95405778965174,-0.4731835
7.10014925838808,80.03598414356344,-0.5
6.933511773183908,79.84778709154041,-0.3562731
6.788254191741782,79.96402908930547,-0.5155621
6.869372061897775,79.93204906519081,-0.4385151
7.224476093710222,79.91569972701984,-0.5217553
6.869102567312539,79.93025243462257,-0.37664086
6.692673445511465,80.01065165255127,-0.51194185
6.810083253145886,79.87572469687652,-0.42088708
7.018582230590027,79.87096362587069,-0.50240034
7.26579859677972,79.8440141673471,-0.4819188
6.434228138270279,80.0326603770122,-0.4556098
7.074637104319086,79.94741025654926,-0.5101029
7.207408103311951,79.89647577993968,-0.5363057
6.699680304727597,80.08063041318418,-0.43396896
7.265708765251308,79.84410399887551,-0.5150905
6.678120737908729,80.02906711587572,-0.42091268
7.184321400510079,79.86970598447292,-0.5235542
6.9284812075928395,79.84679894472788,0.3560682
7.094759366683363,80.03688245884756,-0.4842329
7.068798054972309,79.87779082203,-0.3892857
6.971151183588517,79.90905219391736,-0.31774
7.015168632510373,79.86997547905816,-0.3912562
7.214414962528083,79.90168600858757,-0.4186414
6.678120737908729,80.02942644198937,-0.473597
6.795710208599974,79.95917818677123,-0.46268073
6.802267910174047,79.89899106273522,-0.40807176
7.225643903579577,79.98612764529481,-0.42661533
6.781786321696122,79.96142397498153,-0.5449438
7.087572844410406,79.87949762106982,-0.43955016
7.1420107506280495,79.84347517817663,0.609268
6.800561111134219,79.88291121914948,-0.5761068
6.678480064022376,80.10461543127018,-0.48634812
6.869372061897775,79.93070159226464,-0.45306727
6.626287946015032,79.98415135166975,-0.48751077
6.875570437358199,79.92944395086687,-0.38121313
6.994507380975624,79.9026741554001,-0.41271758
7.213965804886024,79.95890869218599,-0.4594785
7.03574005251671,79.8680890169615,-0.4890209
7.110659547212278,79.87985694718347,-0.3496529
7.059545407545878,79.8785993057857,-0.15015244
6.406021038348926,80.07227608104188,-0.45799997
6.852843060669976,79.89755375828062,-0.352741
7.211630185147312,79.9289049616964,-0.5364668
7.104551003280266,80.03553498592139,-0.35728675
6.782594805451829,79.96357993166342,-0.4984115
6.883475611858452,79.88857060543943,-0.37673423
6.903597874222728,79.92908462475322,-0.37631184
7.012204192072779,79.88156374622329,-0.3567087
7.156473626702374,79.98469034084022,-0.42758623
6.678749558607612,80.10506458891224,-0.43440947
7.023433133124272,79.88632481722914,-0.52332485
7.038165503783833,79.96016633358376,-0.40988836
6.706238006301669,80.00624990765908,-0.49188942
7.020019535044619,79.86656188097851,-0.3957529
7.226272724278461,79.96663420362941,-0.42367068
6.686385238522628,80.04424864417734,-0.4579108
7.023343301595861,79.88857060543943,-0.4645119
7.023163638539037,79.88560616500183,-0.5111374
6.940967790042101,79.89476898089985,-0.33768493
6.678480064022376,80.10740020865094,-0.4663555
7.097094986422073,80.03167223019967,-0.43321982
6.9171624350129335,79.88650448028595,0.007253893
