lat,lng,ndti
7.067809908159777,79.92028113496885,-0.24012537
7.232740594324121,79.84760742848358,-0.119850166
6.89856730863166,79.92998294003733,-0.07021967
6.973666466384051,79.87338907713782,-0.08525672
6.933421941655497,79.92486254291786,-0.20580702
7.193484216408098,79.82577836707948,-0.122055665
7.191597754311447,79.91345393880954,0.057710495
6.636528740253995,79.97310207367508,-0.24459612
7.14111243534393,79.88273155609265,-0.3062302
6.80289673087293,79.95271031672556,-0.10984846
6.873863638318372,79.87267042491051,0.057683446
7.01040756150454,79.87267042491051,-0.06456901
6.943932230479695,79.8868638063996,0.034045566
6.9344999199964406,79.98864292809034,-0.062184867
6.981122483242244,79.87428739242193,-0.14432585
6.88895533509158,79.95854936607235,-0.117460296
6.878085720153734,79.91183697129813,-0.23962265
7.23175244751159,79.93402535881587,-0.17485712
6.431084034775861,80.03373835535315,-0.29718456
7.088022002052466,79.84967355363706,-0.17507888
6.871617850108073,79.86611272333644,0.012756526
7.079847332966978,79.90608775347977,-0.05728988
6.891290954830291,79.92387439610533,0.04079602
7.077781207813504,79.85308715171671,-0.19019838
6.813137525111893,79.94758991960609,-0.10157068
6.889134998148404,80.04406898112052,-0.13432837
6.883565443386863,79.86763985931944,-0.013056828
6.832630966777287,79.93007277156575,-0.18381833
7.211809848204136,79.89539780159873,-0.12661494
6.798944143622804,79.95414762118016,-0.040953554
6.9939683918051525,79.90249449234328,-0.16165094
7.064126815494887,79.92073029261091,-0.22081451
6.797776333753449,79.93932541899218,-0.13546164
7.245855997472266,79.84491248263122,0.20710659
6.800381448077395,79.93842710370807,-0.21526587
7.010227898447716,79.880845093996,-0.023169626
6.438540051634052,80.0281688005916,-0.037625864
7.078410028512388,79.87823997967206,-0.07024789
7.065564119949478,79.96843083419766,-0.21142331
7.066282772176774,79.97310207367508,-0.06259095
7.0783201969839755,79.8529973201883,-0.082926854
7.207587766368775,79.83673781354574,-0.007496267
7.1367106904517446,79.88345020831994,-0.27179486
6.638235539293822,79.98990056948811,-0.107847266
7.081374468949982,79.88021627329712,0.051882003
7.111917188610046,79.92827614099751,-0.0869972
6.546337885728395,79.9846005093118,-0.15724382
6.785020256718952,79.96393925777706,-0.30956846
7.1000594268596675,79.87823997967206,-0.021187708
7.13051231499132,79.91641837924713,-0.14596272
7.231123626812706,79.93627114702618,-0.03840684
6.700398956954893,80.08063041318418,-0.034605782
7.019570377402559,79.87096362587069,-0.06823864
7.171295828890346,79.92728799418498,0.05587892
7.0787693546260355,79.93591182091252,0.058979418
7.195730004618397,79.90833354169006,-0.19694075
6.890033313432524,80.04703342155811,-0.23931624
7.15997705631044,79.86934665835928,-0.17228805
6.881858644347036,79.933396538117,-0.10566037
7.164648295787861,79.91480141173572,-0.22838137
6.8973994987623035,79.90195550317281,-0.20536637
6.881229823648153,79.92908462475322,-0.23329681
7.218637044363445,79.94516446833896,-0.12425021
7.048226634965972,79.8816535777517,0.049241416
6.910694564967272,79.91192680282654,-0.020313405
6.929828680519019,79.88407902901884,-0.11999999
6.842781929487837,79.98927174878924,-0.16935483
6.868383915085244,79.86593306027962,-0.15012945
6.546517548785219,79.9846005093118,-0.056530204
6.815383313322192,79.9439966584696,-0.20111421
7.152970197094308,79.90402162832629,-0.11363638
7.21935569659074,79.96429858389071,-0.10884354
7.214864120170143,79.90231482928645,-0.2067932
6.75366905330318,79.95208149602668,-0.2997007
6.703543060449311,80.00903468503986,-0.067924514
7.067809908159777,79.92037096649726,-0.19806765
6.907011472302383,79.96241212179406,-0.09799382
6.68413945031233,79.92324557540644,-0.10293434
7.228967670130819,79.92279641776439,-0.04734577
6.79229661052032,79.87832981120047,0.10734044
6.9049453471489075,79.89081639364973,-0.23975411
7.064935299250594,79.97418005201602,-0.10105581
6.875390774301375,79.92971344545211,-0.03758434
6.904765684092084,79.96393925777706,0.06193971
6.94465088270699,79.88587565958707,0.009917823
7.035650220988298,79.87680267521746,-0.19522862
7.03574005251671,79.87123312045593,0.027005216
6.823468150879267,79.86683137556373,-0.0051656
6.626287946015032,79.98792427586305,-0.045509484
6.697883674159359,80.08125923388307,0.0013927813
7.223218452312454,79.84392433581868,0.10641753
7.111468030967986,79.87967728412664,-0.1539146
7.099250943103961,80.03284004006903,-0.054567758
6.845297212283372,79.89970971496251,-0.0010781854
7.026307742033455,79.8891095946099,-0.20487806
7.106886623018976,79.87806031661523,-0.09217738
6.6809953468179115,80.06688618933715,-0.08580862
6.51714263899451,80.17630099094292,-0.27529827
6.915904793615166,79.90456061749676,-0.18948823
7.103473024939322,80.01586188119917,-0.166515
7.15629396364555,79.99564978730648,0.0042433008
6.890392639546172,79.95253065366875,-0.07915992
6.63859486540747,79.98738528669257,-0.35352582
6.899555455444191,79.97912078607868,0.023890777
6.881229823648153,79.92944395086687,-0.3101852
6.815203650265367,79.90797421557642,-0.109055914
7.029901003169933,79.86790935390468,-0.19637139
7.194562194749041,79.89575712771239,-0.08302722
6.9049453471489075,79.89180454046226,-0.12988651
7.167522904697044,79.94615261515149,-0.09267434
6.899914781557839,79.88237222997901,-0.03021297
7.2074979348403625,79.89414016020098,-0.09449932
6.945728861047934,79.88623498570072,-0.0080959555
6.891650280943939,79.96187313262358,-0.22816166
7.2516950468190435,79.84527180874487,0.049872566
6.683510629613446,79.9289049616964,-0.16265911
6.700937946125364,80.00687872835798,-0.095917374
7.047867308852323,79.88183324080853,0.042970836
6.864431327835117,79.86512457652391,-0.02424828
7.217109908380442,79.90438095443993,-0.1304348
6.402697271797684,80.07164726034298,-0.4336735
6.6758749496984295,80.06904214601904,-0.10103091
7.216660750738382,79.94785941419131,-0.12998523
7.182345106885016,79.89674527452492,-0.18500602
6.820413878913261,79.91066916142877,-0.109166965
6.705429522545962,80.0108313156081,-0.17500001
7.008700762464713,79.86997547905816,-0.118279554
6.8685635781420675,79.93097108684987,0.042640995
6.704171881148195,80.00930417962509,-0.14690982
6.999448115038281,79.87114328892751,-0.20658135
7.088920317336586,79.89054689906449,-0.054581527
7.191507922783035,79.91426242256524,0.02627843
6.994148054861976,79.87374840325145,-0.07246376
6.969983373719161,79.89467914937144,-0.12077295
6.973037645685167,79.89467914937144,-0.07137705
7.226452387335285,79.98343269944245,-0.021770673
6.897579161819127,79.96681386668624,-0.26496813
6.891829944000762,79.90824371016164,-0.11552613
6.699680304727597,80.08081007624101,-0.15580446
7.064126815494887,79.98963107490287,-0.0766208
7.03618921015877,79.86575339722279,-0.25695217
7.0316976337381725,80.03634346967709,-0.13527462
7.064306478551711,79.8770721698027,-0.085643895
7.113893482235109,79.86898733224562,-0.20051579
6.892548596228059,79.89647577993968,-0.24444444
7.155036322247783,79.97202409533413,0.06697353
6.788433854798606,79.96214262720882,-0.28596184
7.189980786800032,79.83512084603431,-0.27865797
7.2070487771983025,79.89548763312715,-0.17849898
6.890212976489348,79.91210646588337,-0.12183155
7.129254673593552,79.90968101461624,-0.086124435
6.882667128102744,79.96061549122582,-0.1993671
7.168421219981163,79.94202036484454,-0.19696082
6.876378921113907,79.93303721200334,-0.25120306
6.818886742930258,79.95271031672556,-0.10191306
7.116857922672703,79.98864292809034,-0.004074988
6.781067669468825,79.96142397498153,-0.18741448
7.183153590640724,79.86916699530245,-0.18524213
6.81852741681661,79.91354377033795,-0.19813082
6.797506839168213,79.94139154414566,-0.087613255
6.421382229707369,80.07245574409869,-0.23029365
6.815562976379016,79.91632854771872,-0.23447402
7.199862254925347,79.88919942613832,-0.093359
7.125841075513899,80.01343642993204,-0.08967596
6.893896069154238,79.89620628535445,-0.15463917
7.070864180125784,79.94794924571973,-0.016616315
7.20830641859607,79.90051819871822,0.12063286
7.217648897550913,80.00112951053961,-0.07347252
7.163390654390094,79.90959118308783,-0.13758391
7.219984517289624,79.96438841541912,-0.08293111
7.213157321130316,79.8394327593981,0.036824502
6.888865503563168,80.04370965500688,-0.05428329
6.538073385114496,79.99367349368141,-0.31900454
6.998998957396222,79.8710534573991,-0.18708108
6.694470076079704,80.00759738058527,-0.18768619
6.970522362889633,79.90060803024663,-0.12366651
6.84430906547084,79.90231482928645,-0.02262774
6.6696765742380055,80.07038961894523,-0.05849581
6.991273445952793,79.8740178978367,-0.009299776
7.0246009429936285,79.86862800613197,-0.21886337
6.81762910153249,79.90626741653658,-0.12952648
7.022894143953801,79.87455688700716,-0.12411346
6.880421339892445,79.89225369810433,-0.12486429
6.42785009975303,80.03535532286456,-0.11472673
7.155934637531902,79.99511079813601,-0.0038387652
6.818976574458669,79.95271031672556,-0.07821813
6.923270978944946,79.90078769330346,-0.22989053
6.888236682864285,79.92261675470756,-0.17075612
7.175877236839356,79.96753251891354,0.035108965
6.904226694921612,79.9160590531335,-0.1111111
6.903687705751141,79.8958469592408,-0.14126395
7.031877296794996,79.86512457652391,0.06313994
6.676054612755253,80.11135279590107,-0.05502844
6.449858824213958,79.9852293300107,-0.2521614
7.1961791622604565,79.9070759002923,-0.12465379
6.987770016344728,79.8883909423826,-0.09211552
6.954083193190246,79.86719070167739,-0.026064858
7.102574709655203,79.84832608071088,-0.044964477
7.023163638539037,79.88210273539377,-0.035253644
6.9628866829746165,79.89216386657591,0.056227755
7.159707561725204,79.84060056926745,-0.16962025
7.1118273570816335,79.87087379434227,-0.15360501
6.820144384328025,79.90959118308783,-0.24086225
6.901352086012429,79.88345020831994,-0.12075028
7.010497393032952,79.87096362587069,-0.087931044
7.19034011291368,79.8350310145059,-0.29488373
7.111557862496398,79.8756348653481,-0.36039189
7.040590955050956,79.88479768124613,-0.1320535
6.888865503563168,79.8838095344336,-0.14515366
6.815203650265367,79.9056385958377,-0.27943262
7.193843542521746,79.8988113996784,-0.16049385
7.206240293442596,79.88937908919513,-0.04037269
7.038884156011129,79.86737036473421,-0.18971063
7.214235299471259,79.95055436004368,-0.088626824
7.195640173089985,79.907884384048,0.038238704
6.679198716249672,80.01783817482423,-0.08923333
7.10338319341091,80.03544515439297,-0.024721881
6.884194264085747,79.87141278351275,-0.0061828424
6.875929763471848,79.90752505793435,-0.21252608
7.116678259615879,79.98873275961876,-0.013192606
7.101137405200611,79.88901976308149,-0.2803347
7.030350160811993,79.86862800613197,-0.28390115
7.019390714345735,79.88273155609265,-0.22307692
6.899285960858955,79.88264172456424,0.0743802
6.818347753759786,79.91156747671289,-0.14535901
6.5118425788182055,80.17818745303957,-0.023500845
7.038614661425893,79.96573588834529,0.24385247
6.863083854908938,79.93303721200334,-0.33061224
7.008880425521537,79.8920740350475,-0.14021833
6.537534395944023,79.99466164049394,-0.23200001
6.412938066036646,80.0739828800817,-0.3172043
7.127997032195785,80.01298727228999,-0.09148267
6.9289303652348995,79.89863173662157,-0.042755358
7.147490473861179,79.84293618900615,-0.090529226
7.159887224782028,79.95720189314616,0.009034049
7.068977718029132,79.97085628546478,-0.14241804
7.1560244690603145,79.97418005201602,-0.17338331
7.0057363220271185,79.86844834307516,-0.052506942
6.994237886390389,79.89297235033162,-0.11203316
7.021277176442386,79.86620255486486,-0.22162163
6.847812495078906,79.87752132744475,0.022090085
6.796518692355682,79.87518570770605,0.028242081
7.071582832353079,79.8778806535584,-0.19384266
7.068618391915485,79.85650074979637,0.08838383
6.974115624026111,79.87293991949575,-0.07107438
6.813227356640304,79.9064470795934,-0.17566411
6.52127488930146,80.0003210267839,-0.120232195
6.84430906547084,79.89072656212132,-0.26800475
7.151263398054481,79.93115074990669,0.04554455
7.131320798747027,80.02924677893255,-0.12305027
6.931445648030434,79.94965604475956,-0.17383176
6.890212976489348,79.8943198232578,-0.1812999
7.194652026277454,79.89719443216698,-0.101522855
6.676234275812078,80.11180195354314,-0.09537299
6.8898536503756995,79.95450694729381,-0.23396222
7.217289571437266,79.90590809042294,-0.22732364
6.910514901910449,79.98109707970374,-0.14804721
6.800650942662632,79.88416886054725,0.019463457
6.8836552749152755,79.8875824586269,-0.13218969
7.105000160922326,80.01433474521616,-0.16636196
7.064396310080123,79.96825117114084,-0.106540844
6.8936265745690015,79.92342523846327,-0.14130434
6.880151845307209,79.93088125532147,-0.24330617
6.720251724733934,80.0078668751705,0.071787864
7.226901544977344,79.84554130333011,0.2559727
6.877367067926438,79.93151007602034,-0.043618727
6.93539823528056,79.847697260012,-0.12162162
6.915455635973106,79.90608775347977,-0.23738319
6.794093241088559,79.96070532275422,-0.2192691
7.040141797408896,79.97409022048761,-0.06735755
7.0458910152272605,79.96861049725447,-0.15841046
6.818437585288198,79.89863173662157,-0.010820271
7.054963999596868,79.87940778954142,-0.116632126
6.888596008977933,80.04245201360911,-0.10927152
6.935038909166912,79.94750008807767,-0.12010115
6.405122723064806,80.07110827117252,-0.35300794
7.0232534700674485,79.8770721698027,-0.0011507246
6.647578018248665,79.9492068871175,-0.14411639
6.901352086012429,79.9792106176071,-0.055727545
7.048316466494383,79.97292241061825,-0.036570955
6.825803770617978,79.92073029261091,-0.10276683
6.849159968005085,79.89090622517814,-0.14812966
6.800022121963748,79.93905592440694,-0.15224917
7.132039450974323,79.91641837924713,-0.1403197
6.910964059552509,79.98127674276057,-0.06477733
6.894614721381533,79.88389936596201,0.0020661121
7.201299559379938,79.88866043696784,-0.011876509
6.49091183269822,80.01900598469358,-0.16827853
6.890123144960936,79.95369846353809,-0.17348927
7.168151725395927,79.9371694623103,0.0029585748
6.997381989884807,79.90375213374105,-0.22586873
7.19402320557857,79.91111831907084,-0.22970638
6.937554191962446,79.94651194126514,-0.030653557
6.934859246110088,79.98918191726082,-0.13994442
6.915096309859458,79.89908089426363,-0.24360189
6.799572964321688,79.87446705547876,-0.010541132
6.915635299029931,79.95944768135647,-0.043802436
6.897758824875952,79.92926428781004,-0.17446473
6.883924769500511,79.86826868001833,0.031695236
7.131680124860675,80.04595544321717,-0.15188761
6.999627778095105,79.87141278351275,-0.13053612
6.794991556372678,79.87365857172304,-0.10182559
6.824276634634975,79.86737036473421,-0.07550788
6.899645286972603,79.879317958013,-0.049800824
7.042387585619195,79.86638221792168,-0.23656511
6.681803830573619,80.01523306050028,-0.14176247
7.2079470924824225,79.90797421557642,-0.09769094
6.875300942772964,79.9304320976794,-0.0080862185
6.879343361551501,79.93168973907717,-0.31402084
7.201299559379938,79.88794178474055,-0.16909093
7.228877838602408,79.9266591734861,-0.103064045
6.890841797188231,79.92423372221897,0.04121269
6.992620918878973,79.89297235033162,0.036439657
6.938811833360214,79.86970598447292,0.055383902
6.432162013116804,80.03292987159743,-0.183384
6.412129582280938,80.07640833134882,-0.28064033
7.026038247448219,79.86997547905816,-0.29982868
7.076433734887324,79.9342050218727,-0.08349668
6.898657140160071,79.99573961883489,-0.034008946
6.546787043370455,79.98469034084022,-0.09011373
7.221691316329451,79.9123759604686,-0.10694183
7.033494264306412,79.8875824586269,-0.16325183
7.065114962307419,79.92055062955409,-0.23513755
6.845746369925432,79.87967728412664,-0.13292435
7.272086803768556,79.84814641765405,-0.14467767
6.884194264085747,79.93276771741812,0.044404965
6.810442579259534,79.95172216991303,0.016904492
6.6734494984313075,80.06958113518951,-0.22010048
6.880151845307209,79.88470784971771,-0.14959203
7.214684457113319,79.95199166449827,-0.06394248
6.895782531250889,79.8972842636954,-0.2064965
7.068438728858661,79.87752132744475,-0.086662576
6.952645888735654,80.11800032900355,-0.20376174
7.184231568981667,79.87806031661523,-0.20895524
7.137339511150628,79.91677770536079,-0.21514314
7.035650220988298,79.86665171250691,-0.15654205
6.884823084784631,79.8944096547862,-0.15817697
7.027295888845987,79.88371970290518,-0.118081205
7.198694445055992,79.88991807836561,-0.09671533
7.064845467722183,79.98963107490287,-0.18625677
7.227081208034169,79.96681386668624,-0.149789
6.5457988965579235,79.98819377044829,-0.14468089
6.812149378299361,79.94821874030497,-0.24360107
6.994956538617684,79.87374840325145,0.025530389
6.851854913857444,79.89036723600768,-0.22980809
6.985793722719665,79.87428739242193,-0.030367607
6.891380786358703,79.96178330109517,-0.11836734
6.777833734445996,79.96052565969741,-0.23762865
6.808825611748119,79.87060429975703,0.02445842
7.201479222436762,79.91273528658225,-0.12226513
7.195101183919514,79.90123685094552,-0.14381275
6.808915443276531,79.95091368615732,-0.012580576
7.133207260843678,79.84554130333011,-0.089636765
7.173272122515409,79.83808528647191,-0.18085769
7.193843542521746,79.89854190509315,-0.06277375
6.881409486704976,79.93429485340111,0.02625656
7.217289571437266,79.90572842736611,-0.102040835
7.172104312646054,79.83835478105715,-0.12233009
6.8181680907029625,79.90635724806499,0.041545875
7.161504192293443,79.95639340939046,0.05979379
6.756363999155539,80.11090363825902,-0.1726755
6.914377657632163,79.98657680293687,-0.1494024
6.861916045039583,79.90060803024663,0.2045929
7.066192940648362,79.8770721698027,-0.16915102
7.206060630385771,79.88964858378037,-0.2093023
7.118654553240942,79.99223618922683,-0.058926985
6.699949799312833,80.01029232643762,-0.22746783
6.678480064022376,80.02942644198937,-0.0627821
6.938093181132918,79.86916699530245,-0.017182136
7.166983915526572,79.93815760912283,-0.27753302
6.881858644347036,79.93276771741812,-0.1717974
6.931176153445198,79.84688877625628,0.018091107
6.918689570995936,79.84976338516547,-0.10286676
7.035201063346238,79.8853366704166,-0.29018244
6.913479342348043,79.95971717594169,-0.1746641
6.432341676173627,80.03993673081357,-0.039215695
7.134105576127798,79.91039966684353,-0.2680301
7.085776213842167,79.85057186892118,-0.17601044
7.021905997141269,79.8664720494501,0.0025316412
6.67910888472126,80.101740822361,-0.13479626
6.81762910153249,79.90590809042294,-0.15547262
6.877546730983262,79.91174713976972,-0.04301078
6.834786923459173,79.93276771741812,-0.30370972
6.850417609402853,79.89683510605333,-0.083815046
7.224745588295457,79.94345766929914,-0.17178196
6.890482471074583,79.94992553934479,-0.19082718
6.906652146188735,80.05430977535949,-0.07855625
7.213426815715551,79.95845953454393,-0.17957164
6.877187404869614,79.9319592336624,-0.18110235
7.127458043025313,80.03948757317151,-0.1628939
6.932074468729318,79.85766855966573,-0.061320767
6.77846255514488,79.96079515428264,-0.27371544
6.636528740253995,79.98549882459592,-0.4124412
6.930547332746314,79.93914575593536,-0.07479433
6.896052025836124,79.9785817969082,0.04770477
6.8756602688866115,79.92953378239528,-0.052128952
7.141202266872342,79.84392433581868,-0.13586558
7.013461833470546,79.87285008796734,-0.027441705
6.90503517867732,79.88973841530878,-0.18526427
6.909077597455858,79.98999040101653,-0.09794236
7.206240293442596,79.89072656212132,-0.071115
7.218726875891857,79.90806404710483,-0.17519043
6.971061352060104,79.90653691112182,-0.027838862
6.818707079873434,79.91264545505383,-0.24189262
7.014360148754665,79.89072656212132,0.017301073
7.191328259726212,79.89836224203633,-0.11645813
6.825803770617978,80.09823739275292,-0.110913955
6.929110028291723,79.8846180181893,-0.16455697
7.083171099518221,79.9064470795934,0.15352349
7.074457441262261,79.93285754894653,-0.009457096
6.909526755097917,79.96079515428264,-0.049309663
7.2083962501244825,79.89270285574638,0.054054078
6.935488066808972,79.86530423958074,-0.062185954
6.546876874898866,79.99897355385772,-0.10965867
7.193394384879686,79.82541904096583,-0.12685716
7.195730004618397,79.89791308439428,-0.3867121
6.889763818847288,79.94785941419131,-0.22459894
6.790769474537317,79.96331043707818,-0.11295684
6.929379522876959,79.95262048519716,-0.07848835
7.193843542521746,79.91965231426997,-0.24324325
6.8601194144713435,79.89926055732046,-0.08062827
7.124852928701367,79.84697860778469,-0.07547824
6.770647212173039,79.95612391480522,-0.27131784
6.878894203909442,79.85641091826795,-0.039120585
7.027834878016458,79.86871783766038,-0.2956989
6.90000461308625,79.91282511811066,-0.09171077
6.8685635781420675,79.96384942624864,-0.27557606
7.166804252469748,79.83916326481285,-0.14117649
6.93728469737721,79.86755002779104,-0.015738495
6.88203830740386,79.93366603270223,-0.108213805
6.965940954940623,79.8912655512918,-0.122478396
6.895333373608829,79.86997547905816,0.15765357
7.07481676737591,79.94741025654926,-0.017793559
6.814215503452836,79.90294364998535,0.003408323
6.817000280833606,79.90653691112182,-0.17903225
7.197796129771872,79.92504220597468,-0.17086329
6.9415966107409846,79.87087379434227,0.038381465
6.981571640884303,79.87428739242193,0.0
6.914826815274223,79.98253438415833,-0.08026439
6.4039549131954505,80.07604900523518,-0.06752414
6.436563758008989,80.08161855999671,-0.21317829
6.840536141277538,80.0942848055028,-0.17530489
6.481838848328613,79.98873275961876,0.027829325
6.515076513841035,80.17719930622704,-0.09469025
7.214325130999671,79.95154250685621,-0.13550021
7.141741256042813,79.84347517817663,-0.13621734
6.914018331518515,79.95962734441329,-0.08440912
7.051999559159274,79.88632481722914,-0.33101952
7.1429090659121695,79.92432355374739,-0.07195573
6.924079462700654,79.847697260012,-0.061047427
7.081015142836334,79.88057559941076,0.007838767
6.8836552749152755,79.89072656212132,-0.18502672
6.795620377071562,79.88255189303582,0.027660586
6.970252868304397,79.8696161529445,-0.062042594
6.907730124529678,79.88749262709848,-0.17706576
7.168511051509576,79.92279641776439,-0.07873092
7.092693241529888,79.84841591223929,-0.22151898
6.911323385666156,79.98136657428898,-0.1641791
7.131320798747027,80.04424864417734,-0.00988203
6.902969053523845,79.92854563558275,-0.02852962
7.2117200166757245,79.92674900501451,-0.013440887
6.933691436240733,79.86153131538744,0.076211326
6.970252868304397,79.87042463670022,0.02228825
6.877187404869614,79.9319592336624,-0.18110235
7.096915323365249,80.0319417247849,-0.060297575
7.133566586957326,80.04514695946146,-0.07623317
6.8441294024140165,79.90249449234328,-0.13617605
6.758609787365838,80.11189178507155,-0.14639173
6.892009607057587,79.89827241050793,-0.20353985
7.155934637531902,79.97516819882856,0.102630235
7.208126755539246,79.89656561146809,-0.1376548
6.940788126985277,79.89369100255891,-0.053639848
6.87835521473897,79.9123759604686,-0.19006687
6.413387223678706,80.07362355396805,-0.34707904
6.786277898116719,79.96429858389071,-0.108764514
6.8214918572542045,79.91974214579838,-0.13521333
7.052448716801333,79.88506717583137,-0.26418152
7.220164180346448,79.909411520031,-0.20873787
7.227710028733052,79.84563113485852,-0.11926607
6.695009065250176,80.0071482229432,-0.15226337
6.630420196321982,79.98882259114717,-0.120409906
6.93036766968949,79.84581079791535,-0.2414414
7.208216587067659,79.89764358980904,-0.1146497
7.062509847983472,79.87779082203,-0.20145987
6.914557320688987,79.98540899306751,-0.13356681
6.8356852387432925,79.90447078596834,0.08161583
7.128266526781021,79.91578955854825,-0.23149239
7.1679720623391034,79.94202036484454,-0.075092964
6.694380244551292,80.0056210869602,-0.2850293
6.910514901910449,79.98127674276057,-0.2765487
7.122517308962656,79.84751759695517,-0.08376783
6.8987469716884835,79.9958294503633,-0.078669235
7.198963939641227,79.8898282468372,-0.013836478
6.779720196542646,79.96088498581105,-0.0071258787
6.87377380678996,79.93168973907717,-0.026592445
6.406739690576221,80.07470153230899,-0.22531049
6.91698277195611,79.9086030362753,-0.045570925
6.627455755884387,79.9875649497494,-0.09218749
7.050382591647859,79.97184443227731,-0.09149623
7.2188167074202685,80.0048126032045,-0.21241511
6.970791857474869,79.89988937801934,-0.27060932
6.918959065581173,79.95827987148711,-0.043616205
6.879792519193561,79.91453191715048,-0.26420197
7.02010936657303,79.88946892072354,-0.14419083
7.1311411356902035,80.0311332410292,-0.028818447
6.88113999211974,79.93851693523648,-0.14937757
7.212977658073492,79.89512830701351,0.014647136
6.677941074851905,80.02556368626766,0.03927496
6.86775509438636,79.8658432287512,0.011454734
6.772803168854926,80.10811886087824,-0.098535314
6.899914781557839,79.88237222997901,-0.03021297
6.982469956168423,79.88210273539377,0.024557719
6.952735720264067,79.8732992456094,-0.06331307
6.87925353002309,79.85820754883619,-0.09518211
6.695278559835412,80.00580075001703,-0.3315762
7.14479552800882,79.84293618900615,-0.11921827
6.902609727410197,79.96483757306117,-0.05928854
6.428838246565562,80.03050442033032,-0.2901113
7.193753710993334,79.92028113496885,-0.27686474
6.889943481904112,79.90923185697417,-0.133393
6.901801243654489,79.88785195321213,-0.29186106
7.203904673703884,79.9146217486789,0.041702893
7.1231461296615395,79.92198793400868,-0.2779923
6.926325250910953,79.95342896895286,0.0099547515
6.514896850784211,80.17737896928385,-0.21200196
7.036368873215594,79.8658432287512,-0.26074502
7.09368138834242,79.84787692306881,-0.09473688
7.1668940839981605,79.93860676676489,-0.15267178
7.1679720623391034,79.936450810083,-0.20312499
6.799123806679628,79.94130171261725,-0.24343085
6.956778139042604,79.86404659818297,0.024819352
6.753040232604297,79.94785941419131,-0.3310551
6.83002585245334,79.92845580405434,-0.09593248
6.8281393903566885,79.92567102667357,-0.24735145
6.411231266996819,80.07748630968976,-0.29598415
7.064396310080123,79.92082012413933,-0.24191748
6.949411953712824,79.87554503381969,-0.06894912
6.885362073955102,79.88398919749042,-0.112994336
6.55442272328547,79.98972090643129,-0.14420062
7.008521099407889,79.87958745259823,-0.0807124
6.8625448657384664,79.86081266316013,-0.075338036
7.142729402855346,79.8822823984506,0.066272706
7.063947152438063,79.92135911330979,-0.005451244
6.7027345766936035,80.00804653822733,-0.16977428
7.154766827662547,79.97211392686255,-0.06319704
7.230404974585411,79.96968847559542,-0.15048976
6.786996550344015,79.96447824694754,0.023572296
7.201748717021998,79.8875824586269,-0.1170018
6.941237284627337,79.87114328892751,-0.120033465
7.100328921444904,79.88964858378037,-0.19883889
6.932523626371377,79.89773342133745,-0.09637046
7.154946490719371,79.98217505804469,0.046561833
7.197796129771872,79.92504220597468,-0.17086329
6.681803830573619,80.06616753710986,-0.094339624
6.819246069043905,79.95163233838463,-0.085190065
6.684498776425977,80.04200285596704,-0.015560475
6.906741977717147,79.88569599653025,-0.19500478
7.224026936068162,79.96717319279989,0.030726258
7.188184156231793,79.89629611688287,-0.09593248
7.064306478551711,79.96762235044194,-0.17871763
7.247652628040505,79.84482265110282,-0.0060851746
7.002592218532699,79.86988564752974,-0.033605807
6.844578560056076,79.90303348151376,-0.06828943
6.899106297802131,79.97903095455027,0.053555742
7.0312484760961125,79.86485508193867,-0.061812058
7.2225896316135705,79.91453191715048,-0.10280374
6.5524464296604075,79.98469034084022,-0.24485984
6.551817608961524,79.98639713988004,-0.41025642
6.87880437238103,79.9612443119247,0.0026109454
7.195819836146809,79.9086030362753,-0.21555552
6.79876448056598,79.94417632152643,0.006543746
6.798225491395509,79.94642210973673,0.03781514
7.142819234383757,79.92558119514516,-0.1750687
6.39793620079185,80.10470526279859,-0.232342
6.547775190182986,80.00148883665325,-0.2276185
6.887967188279049,79.95558492563475,-0.34749034
6.703273565864075,80.0078668751705,-0.21671526
6.620808222781903,79.98729545516417,-0.10827423
7.0609827120004685,79.97498853577173,-0.106810056
6.436563758008989,80.08413384279226,-0.18702798
6.695817549005883,80.00687872835798,-0.11659194
7.167522904697044,79.94687126737878,-0.062499985
6.404044744723863,80.07586934217835,-0.16606931
6.904316526450025,79.89252319268955,-0.17512953
6.992351424293737,79.89243336116114,-0.0043289918
7.193753710993334,79.92261675470756,-0.13479623
6.934410088468028,79.84787692306881,-0.0782609
6.637067729424467,79.9724732529762,-0.11849192
7.0559521464094,79.98127674276057,0.04072394
7.225643903579577,79.98711579210735,-0.12234042
7.143088728968993,79.8432955151198,-0.0879785
6.884284095614158,79.95890869218599,-0.19276018
7.157461773514905,79.99690742870425,-0.0375479
7.194113037106982,79.8349411829775,-0.26552653
7.198335118942343,79.92540153208833,-0.23084529
6.628713397282155,79.98442084625498,0.006042286
6.89263842775647,79.94723059349243,-0.18039627
6.932613457899789,79.91183697129813,0.044510365
6.764089510598967,80.1115324589579,0.0031645515
7.039512976710012,79.8680890169615,-0.11076277
7.2074979348403625,79.89674527452492,0.003654097
7.251156057648571,79.84491248263122,0.15735388
6.632037163833397,79.98397168861293,-0.37413073
7.056311472523047,79.98163606887421,-0.06810519
6.881319655176564,79.93097108684987,-0.31323722
6.9708816890032805,79.90599792195135,-0.18447581
6.42829925739509,80.0273603168359,-0.32546127
7.218547212835033,80.00427361403402,0.016907481
6.7950813879010905,79.87428739242193,-0.10774816
6.914736983745811,79.98540899306751,-0.16641526
6.895782531250889,79.8996198834341,-0.14925371
6.715310990671277,80.00903468503986,-0.03467879
7.117396911843175,79.84940405905182,-0.09034908
7.1546769961341345,79.99789557551678,-0.17112921
7.16824155692434,79.93752878842395,0.00475436
6.921564179905119,79.95558492563475,-0.008558259
7.033494264306412,79.86683137556373,-0.19412121
6.933601604712321,79.90429112291152,-0.056942284
6.5475955271261626,80.00211765735214,-0.1216216
6.624221820861558,79.97974960677756,-0.11041008
7.170307682077815,79.93402535881587,-0.13522539
7.211899679732548,79.89566729618397,-0.019410504
7.129793662764024,79.91066916142877,-0.2045977
6.678210569437141,80.10740020865094,-0.090576395
7.087213518296759,79.87967728412664,-0.21608977
6.515884997596743,80.17719930622704,-0.020195441
6.901711412126078,79.88587565958707,-0.14772727
6.903418211165905,79.89854190509315,-0.029401818
6.87880437238103,79.9281863094691,0.080173336
7.230854132227471,79.9312405814351,-0.11199365
7.1546769961341345,79.98253438415833,0.04578564
7.07346929444973,79.87734166438794,-0.08789552
6.997381989884807,79.87231109879687,-0.0032615853
6.784571099076892,79.96366976319182,-0.20675942
6.981212314770655,79.88039593635395,-0.17319751
7.230045648471763,79.92989310850894,-0.07523742
6.811430726072065,79.87392806630828,0.052430887
7.062330184926648,79.97409022048761,-0.0023752865
6.823018993237207,79.86719070167739,0.024472568
6.554332891757059,79.98262421568674,-0.16271184
6.994866707089272,79.89342150797367,-0.23028392
6.989117489270907,79.87419756089352,-0.07538891
7.015977116266081,79.88291121914948,-0.008486946
6.868473746613655,79.93097108684987,0.041237094
7.183602748282784,79.83592932979003,-0.17978458
6.9544425193038935,79.86602289180803,0.032918144
7.2296863223581145,79.93896609287853,-0.040221922
7.033853590420059,79.88776212168372,-0.04808049
7.075804914188441,80.02969593657461,-0.16292971
6.6960870435911195,80.00660923377274,-0.2175874
7.193035058766038,79.89656561146809,-0.08808291
6.893896069154238,79.92387439610533,-0.119730175
7.162402507577562,79.87114328892751,-0.0123920245
7.163480485918506,79.87231109879687,0.08289704
6.891829944000762,79.8966554429965,-0.19554459
7.040950281164603,79.88434852360407,-0.11882352
7.019031388232087,79.86665171250691,-0.24610592
6.8172697754188425,79.90761488946276,0.06100272
7.115690112803348,79.92261675470756,-0.242236
7.126649559269606,80.01289744076158,-0.04440623
6.9238099681154175,79.8920740350475,-0.08390645
7.193663879464922,79.9101301722583,-0.076923095
7.1593482356115565,79.90312331304217,-0.3125
6.4006311466442085,80.07029978741681,-0.37230766
6.934679583053264,79.89863173662157,0.017693741
7.073379462921318,79.8778806535584,0.041643534
6.968905395378218,79.8950384754851,-0.088198766
6.952645888735654,79.87527553923447,-0.03589747
7.024780606050452,79.8658432287512,-0.07205065
6.892818090813294,79.96340026860659,-0.015121256
6.931176153445198,79.94013390274789,-0.2124646
6.944201725064931,79.88614515417231,-0.08940396
7.137698837264276,79.91695736841761,-0.058905024
7.175517910725707,79.83754629730144,-0.16864607
6.763730184485319,80.11171212201472,-0.060283687
6.814215503452836,79.9522611590835,-0.004179086
6.813137525111893,79.90671657417865,0.024970254
7.120541015337593,79.87267042491051,-0.11584414
7.107245949132624,79.907884384048,-0.1677215
6.916892940427697,79.90869286780371,-0.08957414
6.885092579369866,79.93240839130446,0.051648363
7.155485479889842,79.98325303638563,0.021413267
6.902969053523845,79.92674900501451,-0.2
7.1686907145664,79.93573215785571,-0.097052515
6.805412013668465,79.95190183296985,-0.14900398
7.1546769961341345,79.97166476922048,0.09347112
6.676234275812078,80.11189178507155,-0.11612904
6.9238099681154175,79.89638594841126,-0.30907226
7.227710028733052,79.97642584022633,-0.06937634
6.545259907387451,79.99052939018699,0.05558673
7.142280245213286,79.88237222997901,-0.21064813
6.9944175494472125,79.89333167644527,-0.020621555
6.930726995803139,79.84652945014264,-0.025948098
7.06520479383583,79.9732817367319,-0.20807578
6.863263517965762,79.86341777748409,-0.011560674
7.154856659190958,79.97292241061825,-0.11515601
6.9062928200750875,79.99349383062459,-0.23138034
6.68602591240898,80.05035718810936,-0.0938897
7.076972724057796,80.03104340950078,-0.14320387
7.10059841603014,79.9762461771695,-0.15555558
7.018043241419556,79.86916699530245,-0.117665544
6.807747633407176,79.91974214579838,-0.17405316
6.846015864510667,79.90402162832629,-0.029011253
6.890841797188231,79.89530797007033,-0.17158176
6.798135659867096,79.94741025654926,0.028792905
6.879163698494677,79.93573215785571,-0.023872687
6.715670316784925,80.00921434809668,-0.035523985
7.112007020138457,79.87644334910382,-0.21510097
6.84341075018672,79.89970971496251,-0.05987488
6.889943481904112,79.88515700735978,0.04457572
6.678480064022376,80.10470526279859,-0.13108616
7.031967128323408,79.88821127932579,-0.15101069
7.0392434821247765,79.97382072590237,-0.12212647
7.073379462921318,79.93222872824764,-9.532695E-4
6.908448776756974,79.87437722395035,0.0025204746
6.541756477779385,79.97534786188538,-0.25301203
7.094579703626539,79.847697260012,-0.25968766
6.857604131675809,79.93519316868523,-0.1767279
6.403775250138627,80.07056928200204,-0.47000003
7.1810874654872485,79.8973740952238,-0.32564104
7.1014068997858475,80.01020249490921,-0.06770427
7.132039450974323,79.91093865601401,-0.12200958
7.218277718249797,79.99600911342013,0.09874686
7.163031328276446,79.95513576799269,-0.13057326
6.940967790042101,79.89369100255891,-0.15147111
7.026936562732339,79.86835851154675,-0.21554017
6.893896069154238,79.90222499775805,-0.06466166
7.15584480600349,80.0003210267839,-6.1767566E-4
6.519298595676397,80.00059052136913,-0.1743487
7.086674529126287,79.87886880037094,-0.20335984
7.206330124971007,79.88946892072354,-0.17407879
6.883834937972099,79.93168973907717,-0.264574
7.227889691789875,79.97795297620932,-0.09668513
6.969893542190749,79.86943648988769,0.0347567
7.171205997361934,79.83817511800032,-0.16840169
7.1575516050433174,79.84095989538109,-0.09725683
6.892368933171235,79.94651194126514,-0.15312234
7.214325130999671,79.84015141162538,0.11048161
6.913479342348043,79.95962734441329,-0.07103827
6.7996627958501,79.87455688700716,0.03958586
7.143088728968993,79.92198793400868,-0.1327064
7.2188167074202685,80.00382445639197,0.10559007
7.113534156121461,79.92782698335546,-0.079425864
7.044723205357905,79.86557373416598,-0.050553404
6.411770256167291,80.07721681510453,-0.20316866
6.810083253145886,79.87572469687652,0.038893238
7.018582230590027,79.87096362587069,-0.09007772
6.915006478331047,79.90357247068422,-0.14113837
7.1555753114182545,79.97974960677756,-0.1287848
7.193035058766038,79.91210646588337,-0.17994626
7.159707561725204,79.89800291592269,-0.21246456
6.8596702568292836,79.93429485340111,-0.08948911
7.268673205688902,79.84634978708581,0.14951457
7.0962865026663655,79.87868913731411,-0.062045354
6.993429402634681,79.90024870413299,-0.20069961
6.407638005860341,80.07326422785441,-0.33828998
7.228608344017172,79.93950508204901,-0.16976456
7.068798054972309,79.87779082203,-0.16883117
6.430904371719036,80.07928294025801,-0.31857893
7.166983915526572,79.90051819871822,-0.18717685
7.106527296905329,79.87949762106982,-0.18617342
7.156563458230786,79.98451067778339,-0.09068008
6.876558584170731,80.04604527474558,-0.1418115
6.8021780786456345,79.95280014825397,-0.18899857
6.70992109896656,80.0093940111535,-0.02393414
6.947974649258233,79.87850947425729,0.03683494
7.145963337878175,79.91794551523014,-0.31176472
7.1420107506280495,79.84347517817663,-0.063696474
7.163929643560566,79.95235099061192,-0.23105709
6.678480064022376,80.10461543127018,-0.204
6.869372061897775,79.93070159226464,-0.11111112
6.626287946015032,79.98415135166975,-0.1678116
7.176865383651887,79.8958469592408,-0.15102772
6.683780124198682,79.92881513016799,-0.15013056
6.547326032540926,79.99538029272124,-0.20231213
6.8059510028389365,79.95172216991303,-0.24193549
7.1702178505494025,79.93402535881587,0.037140857
6.891380786358703,79.90914202544577,-0.22737305
7.120451183809181,79.99672776564742,0.024999958
6.852843060669976,79.89755375828062,0.01806707
7.211630185147312,79.9289049616964,-0.18549225
7.03852482989748,79.86790935390468,-0.2797119
6.677941074851905,80.02268907735848,0.0015527635
6.883475611858452,79.88857060543943,-0.11026619
7.054784336540044,79.97202409533413,0.20324859
7.19402320557857,79.92306591234961,-0.23275068
6.8512260931585605,79.89054689906449,-0.18324606
7.093771219870831,80.03580448050663,0.027442345
6.846105696039079,79.87806031661523,-0.03810776
6.5222630361139915,79.99996170067026,-0.13954568
6.86038890905658,79.93402535881587,-0.086874776
7.020019535044619,79.86656188097851,-0.22265625
7.075176093489557,79.87752132744475,0.046061605
6.883565443386863,79.89279268727479,-0.05812972
7.102754372712027,79.87850947425729,-0.20576316
6.846195527567491,79.87904846342776,0.082756326
6.42003475678119,80.07038961894523,-0.14452092
7.217559066022502,79.96366976319182,-0.08348259
7.042028259505547,79.86305845137043,-0.058147375
7.03987230282366,79.96034599664058,-0.08040443
