lat,lng,ndwi
7.168061893867516,79.93609148396935,-0.56772333
7.160605877009323,79.90393179679788,-0.5130568
7.228338849431935,79.97579701952743,-0.5109573
6.536815743716728,80.00059052136913,-0.6986368
7.143627718139465,79.91426242256524,-0.6573981
6.926504913967777,79.95342896895286,-0.46047503
7.044633373829494,79.86377710359773,-0.6156656
6.636528740253995,79.97310207367508,-0.7030402
7.083260931046633,79.8514701842053,-0.6852046
6.9327032894282015,79.94884756100384,-0.5778656
6.873863638318372,79.87267042491051,-0.20699027
6.876917910284379,79.93151007602034,-0.66262555
6.413836381320765,80.0657183794678,-0.5780501
6.683151303499798,80.06616753710986,-0.652433
6.981122483242244,79.87428739242193,0.23096555
6.990015804555027,79.87302975102416,-0.4722036
6.900184276143074,79.91363360186637,-0.15816325
7.23175244751159,79.93402535881587,-0.66139656
7.076523566415736,80.03059425185873,-0.5541985
7.088022002052466,79.84967355363706,-0.5453158
7.007982110237417,79.90456061749676,-0.67955506
7.041938427977135,79.86638221792168,-0.6956106
6.805771339782113,79.87195177268322,-0.29353234
7.072481147637198,79.8778806535584,-0.5833333
7.171295828890346,79.92737782571339,-0.4954767
6.8605685721134035,79.8996198834341,-0.059215352
6.536636080659904,79.9943921459087,-0.7192225
6.832630966777287,79.93007277156575,-0.6003833
7.226182892750049,79.9183946728722,-0.5852465
6.798944143622804,79.95414762118016,-0.561478
6.683959787255506,79.93456434798635,-0.44946375
6.923720136587006,79.89396049714415,-0.67299193
7.053347032085453,80.00364479333514,-0.7053189
7.197436803658224,79.91048949837194,-0.65998197
6.6476678497770765,79.95028486545844,-0.56481785
7.0528080429149815,79.8605431685749,-0.35892153
7.0161567793229045,79.87204160421163,-0.20363063
7.087483012881995,79.87895863189935,-0.6708606
6.903418211165905,79.88803161626896,-0.6340124
7.213426815715551,79.95890869218599,-0.5723343
6.924798114927949,79.95414762118016,-0.59929395
6.895962194307713,79.9664545405726,-0.47910398
7.1367106904517446,79.88345020831994,-0.6666667
7.009868572334068,79.89162487740543,-0.50192755
6.859580425300872,79.89279268727479,-0.5378979
6.500793300823535,80.18357734474428,-0.60271645
6.425873806127967,80.03589431203503,-0.72020173
7.079488006853331,79.90590809042294,-0.61155164
7.195191015447925,79.90824371016164,-0.5939394
7.13051231499132,79.91641837924713,-0.6070288
6.7531300641327086,79.94983570781638,-0.6899342
6.684858102539625,80.0423621820807,-0.54924244
7.019570377402559,79.87096362587069,-0.5457998
7.230404974585411,79.96932914948178,-0.5123675
6.470430244220295,80.0950034577301,-0.74346447
7.195730004618397,79.90833354169006,-0.68778056
6.910874228024097,79.98846326503352,-0.685567
7.101856057427907,80.01056182102286,-0.64598304
6.881858644347036,79.933396538117,-0.51690024
7.065384456892654,79.9552255995211,-0.59158766
7.017144926135436,79.87123312045593,-0.33959898
6.630510027850394,79.989002254204,-0.55836177
7.218277718249797,79.94552379445261,-0.6080976
7.041579101863487,79.88434852360407,-0.26376814
6.91886923405276,79.89315201338844,-0.264987
6.904316526450025,79.9161488846619,-0.4569378
6.96441381895762,79.88282138762106,-0.3722944
7.206060630385771,79.90114701941711,-0.74876034
6.546517548785219,79.9846005093118,-0.44955993
6.815383313322192,79.9439966584696,-0.6858974
7.221691316329451,79.99178703158476,-0.5833333
6.7111787403643275,80.00220748888054,-0.6426193
7.079937164495391,79.90608775347977,-0.5962294
7.052628379858157,79.88946892072354,-0.6104628
6.901082591427194,79.92773715182705,-0.25278223
7.168061893867516,79.93618131549776,-0.54686445
6.900633433785134,79.96573588834529,-0.5620361
6.685756417823745,79.92674900501451,-0.64088225
7.228967670130819,79.92279641776439,-0.6433806
7.075265925017969,80.02861795823367,-0.53838277
6.8643414963067055,79.8650347449955,-0.40302613
7.064935299250594,79.97418005201602,-0.59845984
6.875390774301375,79.92971344545211,-0.55552495
6.904765684092084,79.96393925777706,-0.35788006
7.008341436351065,79.87446705547876,-0.38507068
6.953544204019774,79.86746019626263,-0.18893653
6.888685840506344,79.88443835513247,-0.6797362
7.211540353618901,79.89485881242827,-0.7251673
6.626287946015032,79.98792427586305,-0.6045094
6.875750100415023,80.04604527474558,-0.673331
7.223218452312454,79.84392433581868,-0.51226723
6.853382049840447,79.89710460063857,-0.6388889
7.094849198211775,80.03508582827932,-0.5756398
7.229596490829703,79.93761861995236,-0.61871195
6.906023325489851,79.93249822283288,-0.6376339
6.875570437358199,79.93303721200334,-0.69878584
6.517412133579747,80.17657048552815,-0.6120411
7.203904673703884,79.88704346945643,-0.64920545
6.915904793615166,79.90456061749676,-0.63079566
7.113354493064636,79.86458558735345,-0.4731505
7.1080544328883315,79.88030610482554,-0.5056995
6.890392639546172,79.95253065366875,-0.5825
6.638505033879058,79.98720562363576,-0.65499353
6.899555455444191,79.97912078607868,-0.45210728
7.20830641859607,79.89198420351909,-0.54923165
6.809993421617475,79.95037469698686,-0.63051254
7.230494806113822,79.9702274647659,-0.62690264
6.970791857474869,79.89467914937144,-0.2956138
6.962796851446205,79.88273155609265,-0.52950335
7.225015082880693,79.9161488846619,-0.71428573
6.491001664226633,80.01729918565375,-0.4957953
6.413926212849177,80.07506085842265,-0.63689375
7.160785540066148,79.86988564752974,-0.23846312
6.677581748738257,80.02188059360277,-0.70865035
6.971869835815812,79.8988113996784,-0.5249361
6.9943277179188,79.90249449234328,-0.61406267
7.021277176442386,79.88901976308149,-0.45573997
7.047867308852323,79.88183324080853,-0.24927172
6.783852446849596,80.14153618944749,-0.64016736
7.216840413795206,79.90393179679788,-0.5287465
6.5193884272048095,80.0010396790112,-0.6177156
6.938093181132918,79.88327054526313,-0.064695
7.216660750738382,79.94785941419131,-0.5557491
6.883116285744803,79.93204906519081,-0.6738398
6.994597212504036,79.89638594841126,-0.63175946
6.895782531250889,79.88371970290518,-0.12070661
6.67219185703354,80.06967096671792,-0.6386829
7.096555997251602,79.88991807836561,-0.7539568
6.900543602256723,79.9274676572418,-0.6652221
7.1273682114969015,79.90545893278087,-0.38321853
7.051999559159274,79.89144521434861,-0.67813265
7.213875973357611,79.95801037690187,-0.5742459
6.984086923679838,79.88327054526313,-0.17155679
6.932433794842965,79.9116573082413,-0.4157806
6.678569895550789,80.01873649010835,-0.61492795
6.812239209827773,79.87033480517181,-0.30926916
7.049574107892151,79.88255189303582,-0.6550784
6.686295406994216,80.00993300032398,-0.6813101
6.685217428653273,80.04254184513752,-0.50746745
6.813227356640304,79.86997547905816,-0.37114766
6.433060328400924,80.08619996794573,-0.6516616
6.9058436624330275,79.9214489448382,-0.5825179
6.9289303652348995,79.90204533470123,-0.33810574
6.773342158025398,79.95765105078823,-0.62815404
6.892548596228059,79.89647577993968,-0.70212764
7.218457381306621,79.90689623723547,-0.62040025
6.788433854798606,79.96214262720882,-0.66681635
7.189980786800032,79.83512084603431,0.38866395
7.038075672255421,79.96007650205534,-0.4163498
7.03160780220976,79.86844834307516,-0.7286787
6.794991556372678,79.95935784982805,-0.6123387
6.902969053523845,79.90222499775805,-0.5495868
6.909526755097917,79.8724907618537,-0.43371034
7.0359197155735345,79.87815014814365,-0.6608313
6.818886742930258,79.95271031672556,-0.6304247
7.101317068257435,80.03355869229632,-0.5177305
7.001424408663344,79.90393179679788,-0.20488854
7.183153590640724,79.86916699530245,-0.6704424
7.063138668682355,79.96591555140212,-0.6337219
6.797506839168213,79.94139154414566,-0.5219124
6.421382229707369,80.07245574409869,-0.64747566
6.949322122184412,79.88803161626896,-0.22153574
7.226542218863696,79.91938281968473,-0.69006175
7.023343301595861,79.88282138762106,-0.65715766
6.893896069154238,79.89620628535445,-0.55128205
6.9209353592062355,79.88677397487119,-0.41878837
6.8634431810225855,79.88955875225196,-0.511473
6.828678379527161,79.92513203750309,-0.57699805
7.154766827662547,79.97094611699319,-0.3795949
6.850327777874441,79.89081639364973,-0.59846056
7.213157321130316,79.8394327593981,-0.19116469
7.064486141608535,79.96780201349877,-0.7035108
6.901352086012429,79.88398919749042,-0.7
7.102754372712027,80.03652313273392,-0.59615386
7.229506659301291,79.92782698335546,-0.5938697
6.845836201453843,79.8972842636954,-0.3887934
6.626018451429797,79.97768348162408,-0.6274131
6.893806237625826,79.90168600858757,-0.44241318
7.012294023601191,79.88237222997901,-0.49567533
7.165187284958333,79.91668787383237,-0.47870263
6.871528018579662,79.8658432287512,-0.14894973
7.022894143953801,79.87455688700716,-0.5938501
6.880421339892445,79.89225369810433,-0.33674777
6.547326032540926,80.00023119525548,-0.67250615
6.62341333710585,79.98100724817533,-0.62808347
6.818976574458669,79.95271031672556,-0.6063517
6.900723265313546,79.88300105067789,0.04147467
7.103742519524558,79.87832981120047,-0.66981894
7.145514180236115,79.91803534675856,0.046839453
6.818257922231374,79.90842337321847,-0.3084032
6.9011724229556055,79.97948011219232,-0.23562153
7.031877296794996,79.86512457652391,-0.49946818
7.160156719367264,79.95738155620299,-0.6073707
7.11488162904764,79.92342523846327,-0.7054429
6.9049453471489075,79.88821127932579,-0.07663197
6.987770016344728,79.8883909423826,-0.044072412
6.954083193190246,79.86719070167739,-0.020928109
7.026667068147103,79.8891095946099,-0.5599393
7.023163638539037,79.88210273539377,-0.46201965
6.9091674289842695,79.98055809053326,-0.52992517
7.159707561725204,79.84060056926745,0.4460094
6.930996490388374,79.88345020831994,-0.55191875
6.820144384328025,79.90959118308783,-0.6412896
6.410243120184288,80.07829479344548,-0.6446071
7.010497393032952,79.87096362587069,-0.564076
6.9058436624330275,79.92926428781004,-0.18907562
7.089010148864998,79.89135538282021,-0.50813323
6.78493042519054,79.96223245873723,-0.6909987
7.103113698825674,80.03625363814868,-0.49436232
7.195819836146809,79.90312331304217,-0.6615688
7.067360750517717,79.85641091826795,-0.652439
7.050652086233094,79.96789184502718,-0.6589192
7.229596490829703,79.9296236139237,-0.46915755
6.860927898227051,79.93357620117382,-0.52079433
7.195640173089985,79.907884384048,-0.5326577
6.869282230369363,79.93052192920781,-0.5010197
6.682163156687267,80.03876892094422,-0.5988489
6.933781267769144,79.8980927474511,-0.48523206
6.99477687556086,79.89396049714415,-0.34844375
6.833978439703466,80.09060171283791,-0.68231815
6.693481929267173,80.00813636975573,-0.6209814
7.030350160811993,79.86862800613197,-0.69506586
7.019839871987795,79.88273155609265,-0.2
7.0434655639601385,79.97409022048761,-0.58666664
6.401888788041976,80.077755804275,-0.60372597
6.5118425788182055,80.17818745303957,-0.62945575
6.816730786248371,79.90204533470123,-0.63159657
6.863083854908938,79.93303721200334,-0.72719663
6.933332110127084,79.90249449234328,-0.5163472
6.970971520531693,79.87015514211498,-0.31577095
7.039782471295248,79.97444954660126,-0.57721406
6.428838246565562,80.07793546733183,-0.7179903
6.681534335988383,80.01532289202869,-0.6323795
7.147490473861179,79.84293618900615,0.4843602
7.02558908980616,79.88901976308149,-0.52791685
7.218187886721385,79.90653691112182,-0.57121664
7.095298355853834,80.03463667063727,-0.6415788
7.0057363220271185,79.86844834307516,-0.55440414
6.994237886390389,79.89297235033162,-0.51992834
7.136081869752861,79.91659804230396,-0.62906533
6.847812495078906,79.87752132744475,-0.2479582
7.190879102084152,79.91435225409366,-0.5489891
7.071582832353079,79.8778806535584,-0.37060416
6.805771339782113,79.8725805933821,-0.57096165
6.536546249131492,80.0004108583123,-0.6051961
6.813227356640304,79.9064470795934,-0.69029343
7.05505383112528,79.98208522651628,-0.5309941
6.84430906547084,79.89072656212132,-0.74723464
7.125122423286602,80.01307710381839,-0.56164384
7.167163578583396,79.93842710370807,-0.5307306
6.852753229141563,79.8973740952238,-0.50543934
6.798225491395509,79.87949762106982,-0.29746118
7.064306478551711,79.98819377044829,-0.6238546
7.0528080429149815,79.89234352963274,-0.39050642
7.222409968556747,79.98972090643129,-0.58305466
7.217289571437266,79.90590809042294,-0.67047507
7.0157076216808445,79.89036723600768,-0.06168393
6.800650942662632,79.88416886054725,-0.2480839
6.965671460355387,79.89396049714415,-0.6992547
6.86362284407941,79.86871783766038,-0.2575691
6.545529401972687,79.99070905324382,-0.45054942
7.159887224782028,79.95738155620299,-0.6258219
6.880151845307209,79.93088125532147,-0.62288135
6.81852741681661,79.91399292798002,-0.5898242
6.820234215856437,79.95486627340745,-0.57314
7.01777374683432,79.86737036473421,-0.51481295
6.93539823528056,79.847697260012,0.17730497
6.403775250138627,80.07065911353045,-0.7129923
6.769569233832096,80.109376502276,-0.59057593
7.1306919780481435,79.9160590531335,-0.6006865
7.0458910152272605,79.96861049725447,-0.65995526
6.918959065581173,79.84940405905182,-0.36613604
7.054963999596868,79.87940778954142,-0.14842106
6.833529282061406,80.09383564786074,-0.6599078
6.435665442724869,80.03095357797237,-0.7090324
6.934589751524852,79.94821874030497,-0.43392506
6.846105696039079,79.89979954649093,-0.19054545
7.230764300699058,79.96923931795337,-0.59874773
7.014270317226254,79.8710534573991,-0.53115135
6.807927296463999,79.95100351768573,-0.56094986
6.794003409560147,79.96061549122582,-0.68853164
6.849159968005085,79.89090622517814,-0.70989287
7.161504192293443,79.9041114598547,-0.28745645
7.13374625001415,79.91552006396302,-0.63215256
6.910964059552509,79.98127674276057,-0.5143121
6.894614721381533,79.88389936596201,-0.20428334
6.864521159363529,79.86548390263756,-0.53742373
6.800650942662632,79.89602662229763,-0.7211155
7.019211051288911,79.87114328892751,-0.38883632
7.101856057427907,79.84868540682453,-0.672628
6.627635418941211,79.98738528669257,-0.62534356
7.171385660418758,79.92791681488387,-0.5168261
6.904855515620496,79.88848077391101,-0.016442433
6.934859246110088,79.98918191726082,-0.62025315
7.035290894874651,79.88560616500183,-0.6952165
6.799572964321688,79.87446705547876,-0.49579242
7.211540353618901,79.92423372221897,-0.6262573
7.214235299471259,79.89935038884886,-0.6680851
7.142819234383757,79.92378456457692,-0.6062176
7.131680124860675,80.04595544321717,-0.6168224
6.999627778095105,79.87141278351275,-0.4386574
6.89308758539853,79.96295111096453,-0.49931973
6.8436802447719565,79.88713330098484,-0.4750945
7.183333253697548,79.8756348653481,-0.680461
7.17147549194717,79.92621001584403,-0.5952313
6.681803830573619,80.01523306050028,-0.616294
6.43198235005998,80.03912824705786,-0.70655984
7.134554733769858,79.9102200037867,-0.67891085
6.879343361551501,79.93168973907717,-0.71557564
6.800650942662632,79.89629611688287,-0.6839321
7.126200401627546,79.9139030964516,-0.35379893
7.217379402965677,79.94606278362308,-0.60780114
6.992620918878973,79.89297235033162,-0.43924907
6.6363490771971705,79.98504966695387,-0.6347725
6.432162013116804,80.03292987159743,-0.6913319
6.412129582280938,80.07640833134882,-0.63605344
7.013012675828486,79.87069413128545,-0.5482456
7.076433734887324,79.9342050218727,-0.62929183
6.820863036555321,79.909411520031,-0.66638345
6.900094444614663,79.87985694718347,-0.40598115
6.815473144850603,79.95127301227097,-0.6847022
7.033494264306412,79.8875824586269,-0.08618898
7.156204132117138,79.97687499786838,-0.4957265
6.845746369925432,79.87967728412664,-0.5936927
6.92345064200177,79.89000790989402,-0.1587473
7.020917850328738,79.87060429975703,-0.5392512
6.413027897565058,80.07461170078058,-0.6478522
6.6734494984313075,80.06958113518951,-0.6628714
7.162492339105975,79.90491994361041,-0.5767918
7.214684457113319,79.95199166449827,-0.57803124
6.9041368633932,79.88973841530878,-0.7089041
6.92389979964383,79.95459677882222,-0.5502008
6.834966586515997,80.08952373449696,-0.6252405
6.683151303499798,79.93393552728746,-0.6636999
6.846105696039079,79.87877896884252,-0.33616248
6.796698355412506,79.87913829495618,-0.5190048
7.0519097276308615,79.88749262709848,-0.6229547
7.027295888845987,79.88371970290518,-0.6046967
7.109491737342923,79.880845093996,-0.5008704
7.064845467722183,79.98963107490287,-0.6852207
7.110929041797514,79.88515700735978,-0.4576888
6.707585479227849,80.0108313156081,-0.58627194
6.70992109896656,80.0093940111535,-0.61722356
6.994956538617684,79.87374840325145,-0.2520011
7.191597754311447,79.91219629741177,-0.7123094
6.985793722719665,79.87428739242193,-0.36444297
7.20641995649942,79.88767229015531,-0.562272
7.155665142946666,79.9777733131525,-0.6011503
6.96854606926457,79.89144521434861,-0.55451316
7.201479222436762,79.91192680282654,-0.68208516
7.13374625001415,80.01352626146046,-0.63580996
7.157371941986494,79.99115821088589,-0.5010718
7.133207260843678,79.84554130333011,0.38149554
7.173272122515409,79.83808528647191,0.4350453
7.193843542521746,79.89854190509315,-0.5284974
6.841883614203717,79.89647577993968,-0.52441615
6.678390232493965,80.10722054559412,-0.6592449
7.172104312646054,79.83835478105715,0.5277533
6.8181680907029625,79.90635724806499,-0.3784461
7.1641991381458014,79.95396795812333,-0.57449496
7.1966283199025165,79.90959118308783,-0.5346216
6.915096309859458,79.98504966695387,-0.6491628
7.031517970681349,79.86620255486486,-0.6974212
6.844668391584488,79.90572842736611,-0.5993359
7.1555753114182545,79.9875649497494,-0.5368558
6.928750702178075,79.84652945014264,-0.0357654
7.096915323365249,79.87877896884252,-0.61017215
6.8328106298341105,79.93276771741812,-0.61005706
6.938093181132918,79.86916699530245,-0.07660312
7.131680124860675,80.01289744076158,-0.6415553
7.102574709655203,79.87832981120047,-0.64104015
7.207767429425599,79.90051819871822,-0.55781907
6.916174288200402,79.88937908919513,-0.35561877
6.895513036665653,79.96537656223165,-0.5388685
6.913479342348043,79.95971717594169,-0.62058276
6.843590413243544,79.88722313251326,-0.5631491
7.004478680629351,79.90204533470123,-0.43941697
6.681264841403147,80.01568221814235,-0.6167911
7.021905997141269,79.8664720494501,-0.38891044
6.85490918582345,79.89701476911016,-0.26554498
6.817090112362019,79.90321314457059,-0.5248296
6.877546730983262,79.91174713976972,-0.61122245
6.626557440600268,79.98783444433464,-0.58555627
6.850417609402853,79.89683510605333,-0.53831947
6.90458602103526,79.93025243462257,-0.6835356
6.7772947452755234,79.96007650205534,-0.67554855
6.906652146188735,80.05430977535949,-0.54234236
6.993788728748329,79.87060429975703,-0.6336083
7.195280846976337,79.90096735636028,-0.6727273
7.209564059993838,79.83781579188668,-0.35472372
6.819515563629142,79.9514526753278,-0.6058041
6.77846255514488,79.96079515428264,-0.7188352
6.636528740253995,79.98549882459592,-0.6799716
7.165097453429921,79.91578955854825,-0.69590646
6.428209425866678,80.0273603168359,-0.7682991
6.6221556957080825,79.98433101472658,0.11340208
7.141202266872342,79.84392433581868,0.43848288
7.013461833470546,79.87285008796734,-0.5133473
6.961449378520026,79.88291121914948,-0.65776545
6.994956538617684,79.89602662229763,-0.38812783
7.08173379506363,79.90599792195135,-0.61605763
6.428928078093973,80.03068408338714,-0.65532595
7.160066887838852,79.86934665835928,-0.62277985
6.799123806679628,79.95459677882222,-0.48325112
7.014360148754665,79.89072656212132,-0.41382873
6.845836201453843,79.87725183285953,-0.37181407
6.904316526450025,79.92998294003733,-0.66718507
6.929110028291723,79.8846180181893,-0.5217391
6.91653361431405,79.90078769330346,-0.38789624
7.074457441262261,79.93285754894653,-0.56720227
6.909526755097917,79.96079515428264,-0.5496614
7.067091255932482,79.85641091826795,-0.6529917
6.935488066808972,79.86530423958074,-0.49012512
7.230674469170646,79.93636097855459,-0.58049434
6.925516767155245,79.9537882950665,-0.6574727
7.195730004618397,79.89791308439428,-0.701065
6.903238548109081,79.9792106176071,-0.6323073
7.2301354800001745,79.93654064161142,-0.5816815
7.124583434116131,80.01882632163677,-0.49761334
7.045801183698849,79.86242963067156,-0.4330025
7.0316976337381725,79.86629238639327,-0.7298372
7.124852928701367,79.84697860778469,0.29264212
7.018312736004791,79.86674154403532,-0.6968984
6.878894203909442,79.85641091826795,-0.42678797
7.056401304051459,79.97337156826032,-0.55962217
6.90000461308625,79.91282511811066,-0.5626987
6.817179943890431,79.90752505793435,-0.538589
7.166804252469748,79.83916326481285,0.4652568
6.718185599580459,80.0077770436421,-0.55995536
7.217109908380442,79.94597295209466,-0.6845994
6.887787525222225,79.89629611688287,-0.60286736
6.419226273025482,80.06958113518951,-0.7320338
7.1555753114182545,79.9822648895731,-0.42980134
6.891740112472351,79.88434852360407,-0.14131024
6.430006056434917,80.08368468515019,-0.70199454
6.8143951665096605,79.90240466081487,-0.48006764
7.053257200557041,80.00283630957944,-0.68974286
6.981571640884303,79.87428739242193,-0.37988088
6.914826815274223,79.98253438415833,-0.6148148
6.679737705420144,80.03445700758044,-0.6954519
6.436563758008989,80.08161855999671,-0.4032412
7.167253410111808,79.89970971496251,-0.5394148
6.433419654514571,80.03284004006903,-0.72477067
6.885990894653986,79.8950384754851,-0.5725756
6.877456899454851,79.91093865601401,-0.7254545
7.141741256042813,79.84347517817663,0.35061625
6.918509907939113,79.95836970301552,-0.49306625
6.890212976489348,79.90995050920148,-0.63924795
6.805052687554817,79.95181200144144,-0.6234744
6.9944175494472125,79.87051446822863,-0.67131305
6.859310930715636,79.8936011710305,-0.3131695
6.9642341559007965,79.89306218186003,-0.33177432
6.795620377071562,79.88255189303582,-0.2408492
6.632665984532281,79.98388185708451,-0.70196813
6.907730124529678,79.88749262709848,-0.51628554
7.0590064183754055,79.97732415551044,-0.70217276
7.008521099407889,79.88048576788235,-0.6325731
6.911323385666156,79.98136657428898,-0.6504202
6.790230485366845,79.8816535777517,-0.4775796
6.902969053523845,79.92854563558275,-0.47162724
6.439168872332936,80.08413384279226,-0.62348783
6.933691436240733,79.86153131538744,-0.25767946
7.229776153886527,79.93698979925347,-0.62507755
7.195280846976337,79.90096735636028,-0.6727273
7.056760630165107,79.98037842747645,-0.6407767
7.090986442490061,80.04667409544447,-0.54719514
7.20875557623813,79.89333167644527,-0.6749151
6.970342699832809,79.9004283671898,-0.670118
7.173900943214292,79.89539780159873,-0.7113313
7.095927176552718,80.03373835535315,-0.58771414
6.923989631172241,79.84787692306881,-0.072453074
7.21657091920997,79.94758991960609,-0.67412907
6.852753229141563,79.87761115897317,-0.57230264
7.066192940648362,79.95423745270857,-0.506383
6.918959065581173,79.90033853566139,-0.03861306
6.8214918572542045,79.91974214579838,-0.54106987
6.767592940207033,79.95360863200969,-0.6461001
6.996483674600687,79.8702449736434,-0.49980965
7.227710028733052,79.84563113485852,-0.6551724
7.229776153886527,79.9281863094691,-0.55790824
6.677761411795081,80.02403655028465,-0.5849777
6.827869895771453,80.09715941441199,-0.6745044
6.833349619004582,79.93079142379305,-0.69898236
7.062509847983472,79.87779082203,-0.5388064
6.620538728196667,79.97974960677756,-0.54478276
6.9515679103947114,79.87455688700716,-0.22506686
7.095028861268599,79.97211392686255,-0.5870253
6.437372241764697,80.08197788611037,-0.46364018
6.694380244551292,80.0056210869602,-0.6681343
6.93081682733155,79.9176760206449,-0.63279444
7.122517308962656,79.84751759695517,0.32286805
6.688181869090867,79.93986440816265,-0.09648686
6.766964119508149,80.11063414367378,-0.60705596
6.683600461141857,79.92917445628163,-0.6360386
7.051640233045625,79.88120442010965,-0.7091959
6.406739690576221,80.07470153230899,-0.68356746
6.9171624350129335,79.90752505793435,-0.5785075
6.949411953712824,79.88848077391101,-0.4410959
7.050382591647859,79.97184443227731,-0.5827733
7.159168572554733,79.90204533470123,-0.73461014
7.19635882531728,79.88991807836561,-0.72794336
7.111917188610046,79.87078396281386,-0.6053231
6.879792519193561,79.91453191715048,-0.6976493
7.02010936657303,79.88946892072354,-0.22786142
7.1311411356902035,80.0311332410292,-0.52964425
7.0372671884997136,79.86575339722279,-0.6870144
7.2137861418292,79.95495610493586,-0.55773956
6.677941074851905,80.02556368626766,-0.5252314
7.064396310080123,79.96932914948178,-0.63472885
7.163390654390094,79.90779455251959,-0.5664086
6.899914781557839,79.88237222997901,-0.41242936
6.86317368643735,79.88964858378037,-0.31012654
7.008521099407889,79.87096362587069,-0.5587506
6.87925353002309,79.85820754883619,-0.34396997
6.695278559835412,80.00580075001703,-0.6689818
7.14479552800882,79.84293618900615,0.3716567
6.902609727410197,79.96483757306117,-0.5392022
6.428838246565562,80.03050442033032,-0.76071906
6.833349619004582,79.93393552728746,-0.5833097
6.889943481904112,79.90923185697417,-0.6499862
6.901801243654489,79.88785195321213,-0.692725
7.007263458010121,79.89333167644527,-0.5142643
6.552176935075172,79.98549882459592,-0.733587
6.926325250910953,79.95342896895286,-0.3401689
6.88617055771081,79.89494864395668,-0.6137931
6.83739203778312,80.08422367432067,-0.54394907
7.09368138834242,79.84787692306881,-0.42604855
6.948423806900292,79.87904846342776,-0.496063
6.896860509591832,79.9258506897304,-0.7324964
6.7799896911278825,79.96115448039629,-0.5740957
6.956778139042604,79.86404659818297,-0.26445493
6.895872362779301,79.92567102667357,-0.44970906
7.022444986311741,79.86674154403532,-0.5429357
7.094400040569715,79.96977830712383,-0.58982515
6.922731989774475,79.8485057437677,-0.1364221
6.429377235736033,80.07928294025801,-0.6702409
6.8592210991872244,79.87725183285953,-0.5443425
6.885362073955102,79.88398919749042,-0.12799706
6.8714381870512495,79.86772969084785,-0.34384164
7.008970257049948,79.88057559941076,-0.6461518
6.914736983745811,79.90312331304217,-0.6870612
7.087662675938819,79.85012271127911,-0.59178597
6.789511833139549,79.96384942624864,-0.6309013
6.818707079873434,79.91273528658225,-0.70400405
7.15862958338426,79.90123685094552,-0.63566124
6.884194264085747,79.95908835524281,-0.66221374
7.128985179008317,79.92001164038362,-0.48507172
6.909436923569506,79.98936158031763,-0.6112266
6.8323614721920505,79.93142024449193,-0.66314244
7.099969595331256,79.88919942613832,-0.7298475
6.970522362889633,79.90123685094552,-0.23595504
6.846285359095903,79.89135538282021,-0.6517297
6.816012134021075,79.94184070178771,-0.6677845
7.163031328276446,79.90833354169006,-0.54421765
6.932343963314553,79.91093865601401,-0.35777777
6.873863638318372,80.04514695946146,-0.67671776
6.90548433631938,79.9214489448382,-0.6755556
6.913748836933279,79.9598070074701,-0.6681175
7.013731328055782,79.8906367305929,-0.14597157
7.040321460465719,79.96609521445895,-0.71256405
6.9502204374685315,79.88866043696784,-0.48919952
6.87925353002309,79.85847704342143,-0.05945944
6.833080124419346,79.89970971496251,-0.6077768
6.896321520421361,79.931869402134,-0.52793485
7.0312484760961125,79.86485508193867,-0.5448276
6.4481520251741316,79.98406152014134,-0.3968675
6.831193662322695,80.09599160454263,-0.6491228
6.551817608961524,79.98639713988004,-0.7942387
6.826791917430509,79.92297608082121,-0.6559048
7.195819836146809,79.9086030362753,-0.7487945
6.514896850784211,80.17719930622704,-0.6883553
7.186387525663554,79.8973740952238,-0.7046792
7.213606478772375,79.95854936607235,-0.6172414
6.890482471074583,80.04883005212635,-0.61734104
7.166085600242453,79.90132668247392,-0.71531856
6.887967188279049,79.95558492563475,-0.66000974
6.818707079873434,79.91273528658225,-0.70400405
6.620808222781903,79.98729545516417,0.47700065
7.0609827120004685,79.97498853577173,-0.5542725
6.916353951257226,79.89979954649093,-0.5794041
6.695817549005883,80.00687872835798,-0.6834075
6.931625311087258,79.91875399898585,-0.56715274
7.226991376505756,79.96681386668624,-0.6340956
6.921115022263059,79.88632481722914,-0.31573606
6.992351424293737,79.89243336116114,-0.14370081
7.134734396826682,79.88488751277454,-0.7100241
6.934410088468028,79.84787692306881,0.11210764
6.68602591240898,80.0499978619957,-0.6011515
6.886709546881281,79.88300105067789,-0.62094176
7.225643903579577,79.98711579210735,-0.6078067
7.143088728968993,79.8432955151198,0.38758028
7.090986442490061,80.04595544321717,-0.5533491
6.892548596228059,79.89342150797367,-0.51
7.194113037106982,79.8349411829775,0.42886177
6.798315322923921,79.94741025654926,-0.47069064
6.933421941655497,79.86027367398967,-0.31552956
6.771815022042395,80.10883751310554,-0.58718485
6.932613457899789,79.91183697129813,-0.40663388
6.762831869201199,80.11162229048631,-0.59873813
7.032416285965468,79.86683137556373,-0.7194225
6.4039549131954505,80.076228668292,-0.6471354
7.251156057648571,79.84491248263122,-0.51044774
6.871168692466014,79.92944395086687,-0.4895479
7.052179222216098,79.8800366102403,-0.08959379
7.141471761457578,80.05538775370043,-0.48281297
6.9708816890032805,79.90599792195135,-0.59475774
6.890033313432524,79.885426501945,-0.5632184
6.909886081211565,79.91273528658225,-0.60440165
7.0783201969839755,79.90608775347977,-0.64998114
7.137698837264276,80.05053685116619,-0.56179166
6.434228138270279,80.03310953465426,-0.71643394
6.680636020704263,80.06742517850763,-0.64154273
7.117396911843175,79.84940405905182,0.29723126
6.846015864510667,79.90500977513882,-0.6498195
7.096376334194778,79.84832608071088,-0.48685762
6.7993034697364525,79.94345766929914,-0.5817262
6.79876448056598,79.95549509410634,-0.5845813
7.22528457746593,79.98504966695387,-0.591506
6.5475955271261626,80.00211765735214,-0.63556534
7.1560244690603145,79.97435971507285,-0.5670588
7.228788007073995,79.92405405916215,-0.59421164
7.226452387335285,79.91830484134378,-0.6730214
6.403326092496567,80.07802529886024,-0.6158192
6.678210569437141,80.10740020865094,-0.6619399
6.910784396495685,79.91156747671289,-0.61575824
7.037806177670185,79.97498853577173,-0.586684
7.032595949022292,79.86772969084785,-0.65784115
6.5580159844219486,79.98028859594804,-0.6546273
6.87880437238103,79.9281863094691,-0.26747197
6.821581688782616,79.86701103862056,-0.2285714
6.924977777984773,79.885426501945,-0.6958793
7.154856659190958,79.9943921459087,-0.4719429
7.141920919099638,79.8822823984506,-0.704918
6.787894865628134,79.96384942624864,-0.46930283
6.981212314770655,79.88039593635395,0.25324404
6.966120617997447,79.8883011108542,-0.43876445
6.811430726072065,79.87392806630828,-0.33600536
6.710100762023384,80.00427361403402,-0.6350365
7.021905997141269,79.86781952237627,-0.48415864
6.667879943669766,80.07137776575776,-0.6186529
6.992980244992621,79.89270285574638,-0.325816
6.989117489270907,79.87419756089352,-0.493994
7.015977116266081,79.88291121914948,-0.439948
6.892818090813294,79.89476898089985,-0.35774648
7.183602748282784,79.83592932979003,0.53118277
7.176865383651887,79.8988113996784,-0.6908952
7.13096147263338,80.02924677893255,-0.3997155
7.033853590420059,79.88776212168372,-0.53946936
7.165456779543569,79.9168675368892,-0.5620014
6.6960870435911195,80.00660923377274,-0.6641791
6.856076995692806,79.89683510605333,-0.3984915
6.893896069154238,79.92387439610533,-0.08033243
6.682522482800914,80.01451440827299,-0.59598625
7.163480485918506,79.87231109879687,-0.4098821
6.431892518531567,80.03706212190438,-0.58786345
7.095747513495894,79.84787692306881,-0.576188
7.168061893867516,79.936450810083,-0.6448498
6.907550461472854,79.9800191013628,-0.25760183
6.899735118501015,79.87770099050158,-0.21656054
6.891290954830291,79.90797421557642,-0.6418383
6.436743421065813,80.0319417247849,-0.5706114
6.696805695818415,80.0040041194488,-0.63144964
7.102754372712027,80.03652313273392,-0.59615386
6.54705653795569,79.99618877647696,-0.6849119
7.014360148754665,79.86907716377404,-0.6268378
7.127727537610549,80.03885875247262,-0.48220062
7.007083794953298,79.87087379434227,-0.17709437
6.796518692355682,79.88300105067789,-0.31324804
6.879343361551501,79.9612443119247,-0.5550213
6.892818090813294,79.96340026860659,-0.40551376
7.063048837153944,79.98882259114717,-0.58802813
6.7950813879010905,79.8740178978367,0.060642056
6.845656538397019,79.88021627329712,-0.6284501
7.175517910725707,79.83754629730144,0.4199134
6.7631013637864354,80.11189178507155,-0.63946867
6.804513698384345,79.95244082214033,-0.6156369
6.813137525111893,79.90671657417865,-0.45945942
7.120541015337593,79.87267042491051,-0.6365482
7.038884156011129,79.9717546007489,-0.65711045
7.184950221208963,79.8725805933821,-0.7150027
6.885092579369866,79.93240839130446,-0.32657042
7.193933374050158,79.88928925766673,-0.64392155
7.095028861268599,79.84796675459722,-0.4321295
7.164019475088978,79.91111831907084,-0.5568791
6.805412013668465,79.95190183296985,-0.6368673
7.1588990779694965,79.90051819871822,-0.5821862
7.120361352280769,79.87428739242193,-0.68342525
6.9238099681154175,79.89638594841126,-0.6212368
7.080925311307922,79.88300105067789,-0.52542377
7.22528457746593,79.98747511822098,-0.63002115
6.789781327724786,79.96340026860659,-0.67525196
6.99387856027674,79.89306218186003,-0.6045543
6.932523626371377,79.84841591223929,-0.17694478
6.915455635973106,79.89979954649093,-0.71859294
6.938362675718154,79.88371970290518,-0.30617285
7.158988909497909,79.90087752483187,-0.67549145
7.10293403576885,80.01388558757411,-0.5140401
6.798944143622804,79.94417632152643,-0.61748636
7.0410401126930156,79.9664545405726,-0.6425532
7.098622122405077,80.0499080304673,-0.6618058
6.778193060559643,79.96079515428264,-0.6400102
6.807747633407176,79.91974214579838,-0.6690517
6.817808764589314,79.95163233838463,-0.56659085
6.890841797188231,79.89530797007033,-0.17234851
7.185938368021494,79.89755375828062,-0.6100324
6.879163698494677,79.93573215785571,-0.43193522
7.229506659301291,79.93923558746377,-0.6170697
7.216391256153146,79.94758991960609,-0.6526043
7.12090034145124,79.99636843953377,-0.678511
7.16321099133327,79.95477644187903,-0.4864572
7.095028861268599,80.03508582827932,-0.63836825
7.031967128323408,79.88821127932579,-0.14563109
7.227081208034169,79.94237969095819,-0.5294492
6.901441917540842,79.87581452840493,-0.37690803
7.131500461803851,80.04451813876258,-0.56935126
6.541756477779385,79.97534786188538,-0.77654195
7.094579703626539,79.847697260012,-0.69293666
6.972947814156756,79.8732992456094,-0.4078095
7.007982110237417,79.90429112291152,-0.70751727
7.230854132227471,79.9312405814351,-0.58992386
6.867395768272712,79.93357620117382,-0.56962025
7.011485539845483,79.8725805933821,-0.5662213
6.552176935075172,79.9867564659937,-0.7557458
7.163031328276446,79.95513576799269,-0.59887004
7.061521701170941,79.87806031661523,-0.21113923
7.065833614534714,79.96896982336813,-0.64101005
7.178931508805362,79.89800291592269,-0.60489297
7.15584480600349,80.0003210267839,-0.5423729
6.678210569437141,80.02619250696654,-0.52407306
6.685037765596449,80.04263167666593,-0.60337555
7.080206659080626,79.9056385958377,-0.6153743
7.184411232038491,79.86943648988769,-0.64763457
6.90000461308625,79.9018656716444,-0.26923078
6.634103288986872,79.98343269944245,-0.7416219
7.171205997361934,79.83817511800032,0.45316067
7.1575516050433174,79.84095989538109,0.4274128
7.090447453319589,80.04604527474558,-0.60264903
6.820054552799613,79.95405778965174,-0.67029357
7.10014925838808,80.03598414356344,-0.58539325
6.933511773183908,79.84778709154041,-0.34341252
6.788254191741782,79.96402908930547,-0.58002937
6.869372061897775,79.93204906519081,-0.534018
7.224476093710222,79.91569972701984,-0.66255575
6.869102567312539,79.93025243462257,-0.40526652
6.692673445511465,80.01065165255127,-0.6362229
6.810083253145886,79.87572469687652,-0.40927324
7.018582230590027,79.87096362587069,-0.5826331
7.26579859677972,79.8440141673471,-0.59130603
6.434228138270279,80.0326603770122,-0.6299735
7.074637104319086,79.94741025654926,-0.68369234
7.207408103311951,79.89647577993968,-0.50136983
6.699680304727597,80.08063041318418,-0.5351288
7.265708765251308,79.84410399887551,-0.54763025
6.678120737908729,80.02906711587572,-0.62022376
7.184321400510079,79.86970598447292,-0.68346053
6.9284812075928395,79.84679894472788,-0.042492952
7.094759366683363,80.03688245884756,-0.6458084
7.068798054972309,79.87779082203,-0.39852268
6.971151183588517,79.90905219391736,-0.39083263
7.015168632510373,79.86997547905816,-0.33171326
7.214414962528083,79.90168600858757,-0.5673134
6.678120737908729,80.02942644198937,-0.591384
6.795710208599974,79.95917818677123,-0.6758222
6.802267910174047,79.89899106273522,-0.69498754
7.225643903579577,79.98612764529481,-0.5557029
6.781786321696122,79.96142397498153,-0.6330691
7.087572844410406,79.87949762106982,-0.70970875
7.1420107506280495,79.84347517817663,0.37286612
6.800561111134219,79.88291121914948,-0.32437274
6.678480064022376,80.10461543127018,-0.68694746
6.869372061897775,79.93070159226464,-0.64593303
6.626287946015032,79.98415135166975,-0.7063903
6.875570437358199,79.92944395086687,-0.5619502
6.994507380975624,79.9026741554001,-0.5571726
7.213965804886024,79.95890869218599,-0.5751869
7.03574005251671,79.8680890169615,-0.71119875
7.110659547212278,79.87985694718347,-0.48014018
7.059545407545878,79.8785993057857,-0.54011136
6.406021038348926,80.07227608104188,-0.71000534
6.852843060669976,79.89755375828062,-0.4616352
7.211630185147312,79.9289049616964,-0.67314285
7.104551003280266,80.03553498592139,-0.49405232
6.782594805451829,79.96357993166342,-0.671159
6.883475611858452,79.88857060543943,-0.33636364
6.903597874222728,79.92908462475322,-0.5248429
7.012204192072779,79.88156374622329,-0.33888534
7.156473626702374,79.98469034084022,-0.62863535
6.678749558607612,80.10506458891224,-0.619989
7.023433133124272,79.88632481722914,-0.6643975
7.038165503783833,79.96016633358376,-0.53377014
6.706238006301669,80.00624990765908,-0.598411
7.020019535044619,79.86656188097851,-0.6142945
7.226272724278461,79.96663420362941,-0.41767764
6.686385238522628,80.04424864417734,-0.5359603
7.023343301595861,79.88857060543943,-0.6952523
7.023163638539037,79.88560616500183,-0.6241285
6.940967790042101,79.89476898089985,-0.55998844
6.678480064022376,80.10740020865094,-0.607102
7.097094986422073,80.03167223019967,-0.5656712
6.9171624350129335,79.88650448028595,-0.023115594
